movie_name,describe,introduce,evalute,serial_number,star
肖申克的救赎,希望让人自由。,导演:弗兰克·德拉邦特FrankDarabont主演:蒂姆·罗宾斯TimRobbins/...1994/美国/犯罪剧情,1240142人评价,1,9.6
霸王别姬,风华绝代。,导演:陈凯歌KaigeChen主演:张国荣LeslieCheung/张丰毅FengyiZha...1993/中国大陆香港/剧情爱情同性,913325人评价,2,9.6
这个杀手不太冷,怪蜀黍和小萝莉不得不说的故事。,导演:吕克·贝松LucBesson主演:让·雷诺JeanReno/娜塔莉·波特曼...1994/法国/剧情动作犯罪,1139873人评价,3,9.4
阿甘正传,一部美国近现代史。,导演:RobertZemeckis主演:TomHanks/RobinWrightPenn/GarySinise1994/美国/剧情爱情,977507人评价,4,9.4
美丽人生,最美的谎言。,导演:罗伯托·贝尼尼RobertoBenigni主演:罗伯托·贝尼尼RobertoBeni...1997/意大利/剧情喜剧爱情战争,571407人评价,5,9.5
泰坦尼克号,失去的才是永恒的。 ,导演:詹姆斯·卡梅隆JamesCameron主演:莱昂纳多·迪卡普里奥Leonardo...1997/美国/剧情爱情灾难,913524人评价,6,9.3
千与千寻,最好的宫崎骏，最好的久石让。 ,导演:宫崎骏HayaoMiyazaki主演:柊瑠美RumiHîragi/入野自由Miy...2001/日本/剧情动画奇幻,907667人评价,7,9.3
辛德勒的名单,拯救一个人，就是拯救整个世界。,导演:史蒂文·斯皮尔伯格StevenSpielberg主演:连姆·尼森LiamNeeson...1993/美国/剧情历史战争,513168人评价,8,9.5
盗梦空间,诺兰给了我们一场无法盗取的梦。,导演:克里斯托弗·诺兰ChristopherNolan主演:莱昂纳多·迪卡普里奥Le...2010/美国英国/剧情科幻悬疑冒险,993137人评价,9,9.3
机器人总动员,小瓦力，大人生。,导演:安德鲁·斯坦顿AndrewStanton主演:本·贝尔特BenBurtt/艾丽...2008/美国/爱情科幻动画冒险,659100人评价,10,9.3
忠犬八公的故事,永远都不能忘记你所爱的人。,导演:莱塞·霍尔斯道姆LasseHallström主演:理查·基尔RichardGer...2009/美国英国/剧情,645148人评价,11,9.3
三傻大闹宝莱坞,英俊版憨豆，高情商版谢耳朵。,导演:拉库马·希拉尼RajkumarHirani主演:阿米尔·汗AamirKhan/卡...2009/印度/剧情喜剧爱情歌舞,888623人评价,12,9.2
海上钢琴师,每个人都要走一条自己坚定了的路，就算是粉身碎骨。 ,导演:朱塞佩·托纳多雷GiuseppeTornatore主演:蒂姆·罗斯TimRoth/...1998/意大利/剧情音乐,741283人评价,13,9.2
放牛班的春天,天籁一般的童声，是最接近上帝的存在。 ,导演:克里斯托夫·巴拉蒂ChristopheBarratier主演:杰拉尔·朱诺Géra...2004/法国瑞士德国/剧情音乐,612021人评价,14,9.2
大话西游之大圣娶亲,一生所爱。,导演:刘镇伟JeffreyLau主演:周星驰StephenChow/吴孟达ManTatNg...1995/香港中国大陆/喜剧爱情奇幻冒险,679011人评价,15,9.2
楚门的世界,如果再也不能见到你，祝你早安，午安，晚安。,导演:彼得·威尔PeterWeir主演:金·凯瑞JimCarrey/劳拉·琳妮Lau...1998/美国/剧情科幻,659979人评价,16,9.2
龙猫,人人心中都有个龙猫，童年就永远不会消失。,导演:宫崎骏HayaoMiyazaki主演:日高法子NorikoHidaka/坂本千夏Ch...1988/日本/动画奇幻冒险,588839人评价,17,9.1
星际穿越,爱是一种力量，让我们超越时空感知它的存在。,导演:克里斯托弗·诺兰ChristopherNolan主演:马修·麦康纳MatthewMc...2014/美国英国加拿大冰岛/剧情科幻冒险,673245人评价,18,9.2
教父,千万不要记恨你的对手，这样会让你失去理智。,导演:弗朗西斯·福特·科波拉FrancisFordCoppola主演:马龙·白兰度M...1972/美国/剧情犯罪,449435人评价,19,9.2
熔炉,我们一路奋战不是为了改变世界，而是为了不让世界改变我们。,导演:黄东赫Dong-hyukHwang主演:孔侑YooGong/郑有美Yu-miJeong...2011/韩国/剧情,384172人评价,20,9.3
无间道,香港电影史上永不过时的杰作。,导演:刘伟强/麦兆辉主演:刘德华/梁朝伟/黄秋生2002/香港/剧情犯罪悬疑,558345人评价,21,9.1
当幸福来敲门,平民励志片。 ,导演:加布里尔·穆奇诺GabrieleMuccino主演:威尔·史密斯WillSmith...2006/美国/剧情传记家庭,718533人评价,22,9.0
触不可及,满满温情的高雅喜剧。,导演:奥利维·那卡什OlivierNakache/艾力克·托兰达EricToledano主...2011/法国/剧情喜剧,476537人评价,23,9.2
怦然心动,真正的幸福是来自内心深处。,导演:罗伯·莱纳RobReiner主演:玛德琳·卡罗尔MadelineCarroll/卡...2010/美国/剧情喜剧爱情,776096人评价,24,9.0
疯狂动物城,迪士尼给我们营造的乌托邦就是这样，永远善良勇敢，永远出乎意料。,导演:拜伦·霍华德ByronHoward/瑞奇·摩尔RichMoore主演:金妮弗·...2016/美国/喜剧动画冒险,741953人评价,25,9.2
乱世佳人,Tomorrow is another day.,导演:维克多·弗莱明VictorFleming/乔治·库克GeorgeCukor主演:费...1939/美国/剧情历史爱情战争,340047人评价,26,9.2
蝙蝠侠：黑暗骑士,无尽的黑暗。,导演:克里斯托弗·诺兰ChristopherNolan主演:克里斯蒂安·贝尔Christ...2008/美国英国/剧情动作科幻犯罪惊悚,448670人评价,27,9.1
活着,张艺谋最好的电影。,导演:张艺谋YimouZhang主演:葛优YouGe/巩俐LiGong/姜武WuJiang1994/中国大陆香港/剧情历史家庭,369272人评价,28,9.2
天堂电影院,那些吻戏，那些青春，都在影院的黑暗里被泪水冲刷得无比清晰。,导演:朱塞佩·托纳多雷GiuseppeTornatore主演:安东娜拉·塔莉Antonel...1988/意大利法国/剧情爱情,372618人评价,29,9.1
少年派的奇幻漂流,瑰丽壮观、无人能及的冒险之旅。,导演:李安AngLee主演:苏拉·沙玛SurajSharma/伊尔凡·可汗Irrfan...2012/美国台湾英国加拿大/剧情奇幻冒险,733949人评价,30,9.0
十二怒汉,1957年的理想主义。 ,导演:SidneyLumet主演:亨利·方达HenryFonda/马丁·鲍尔萨姆Marti...1957/美国/剧情,218864人评价,31,9.4
鬼子来了,对敌人的仁慈，就是对自己残忍。,导演:姜文WenJiang主演:姜文WenJiang/香川照之TeruyukiKagawa/...2000/中国大陆/剧情历史战争,304745人评价,32,9.2
指环王3：王者无敌,史诗的终章。,导演:彼得·杰克逊PeterJackson主演:维果·莫腾森ViggoMortensen/...2003/美国新西兰/剧情动作奇幻冒险,364940人评价,33,9.1
控方证人,比利·怀德满分作品。,导演:比利·怀尔德BillyWilder主演:查尔斯·劳顿CharlesLaughton/...1957/美国/剧情犯罪悬疑,150344人评价,34,9.6
天空之城,对天空的追逐，永不停止。 ,导演:宫崎骏HayaoMiyazaki主演:田中真弓MayumiTanaka/横泽启子Ke...1986/日本/动画奇幻冒险,426231人评价,35,9.0
搏击俱乐部,邪恶与平庸蛰伏于同一个母体，在特定的时间互相对峙。,导演:大卫·芬奇DavidFincher主演:爱德华·诺顿EdwardNorton/布拉...1999/美国德国/剧情动作悬疑惊悚,480014人评价,36,9.0
飞屋环游记,最后那些最无聊的事情，才是最值得怀念的。 ,导演:彼特·道格特PeteDocter/鲍勃·彼德森BobPeterson主演:爱德...2009/美国/剧情喜剧动画冒险,648377人评价,37,8.9
大话西游之月光宝盒,旷古烁今。,导演:刘镇伟JeffreyLau主演:周星驰StephenChow/吴孟达ManTatNg...1995/香港中国大陆/喜剧爱情奇幻冒险,547072人评价,38,8.9
罗马假日,爱情哪怕只有一天。,导演:威廉·惠勒WilliamWyler主演:奥黛丽·赫本AudreyHepburn/格...1953/美国/喜剧剧情爱情,490279人评价,39,9.0
摔跤吧！爸爸,你不是在为你一个人战斗，你要让千千万万的女性看到女生并不是只能相夫教子。,导演:涅提·蒂瓦里NiteshTiwari主演:阿米尔·汗AamirKhan/法缇玛...2016/印度/剧情传记运动家庭,666010人评价,40,9.1
窃听风暴,别样人生。,导演:弗洛里安·亨克尔·冯·多纳斯马FlorianHenckelvonDonnersmarck...2006/德国/剧情悬疑,291188人评价,41,9.1
哈尔的移动城堡,带着心爱的人在天空飞翔。,导演:宫崎骏HayaoMiyazaki主演:倍赏千惠子ChiekoBaishô/木村拓...2004/日本/动画奇幻冒险,464223人评价,42,8.9
辩护人,电影的现实意义大过电影本身。,导演:杨宇硕Woo-seokYang主演:宋康昊Kang-hoSong/吴达洙Dal-suO...2013/韩国/剧情,288400人评价,43,9.2
闻香识女人,史上最美的探戈。,导演:马丁·布莱斯MartinBrest主演:阿尔·帕西诺AlPacino/克里斯...1992/美国/剧情,416261人评价,44,9.0
两杆大烟枪,4个臭皮匠顶个诸葛亮，盖·里奇果然不是盖的。,导演:GuyRitchie主演:JasonFlemyng/DexterFletcher/NickMoran1998/英国/剧情喜剧犯罪,328715人评价,45,9.1
飞越疯人院,自由万岁。,导演:米洛斯·福尔曼MilošForman主演:杰克·尼科尔森JackNichols...1975/美国/剧情,332650人评价,46,9.0
死亡诗社,当一个死水般的体制内出现一个活跃的变数时，所有的腐臭都站在了光明的对面。,导演:彼得·威尔PeterWeir主演:罗宾·威廉姆斯RobinWilliams/罗伯...1989/美国/剧情,356572人评价,47,9.0
V字仇杀队,一张面具背后的理想与革命。,导演:詹姆斯·麦克特格JamesMcTeigue主演:娜塔莉·波特曼NataliePor...2005/美国英国德国/剧情动作科幻惊悚,540157人评价,48,8.8
指环王2：双塔奇兵,承前启后的史诗篇章。,导演:彼得·杰克逊PeterJackson主演:伊利亚·伍德ElijahWood/西恩...2002/美国新西兰/剧情动作奇幻冒险,342389人评价,49,9.0
海豚湾,海豚的微笑，是世界上最高明的伪装。,导演:LouiePsihoyos主演:JohnChisholm/Mandy-RaeCruikshank/Char...2009/美国/纪录片,218969人评价,50,9.3
教父2,优雅的孤独。,导演:弗朗西斯·福特·科波拉FrancisFordCoppola主演:阿尔·帕西诺A...1974/美国/剧情犯罪,243229人评价,51,9.1
指环王1：魔戒再现,传说的开始。,导演:彼得·杰克逊PeterJackson主演:伊利亚·伍德ElijahWood/西恩...2001/新西兰美国/剧情动作奇幻冒险,383328人评价,52,8.9
饮食男女,人生不能像做菜，把所有的料都准备好了才下锅。,导演:李安AngLee主演:郎雄SihungLung/杨贵媚Kuei-MeiYang/吴...1994/台湾美国/剧情家庭,263528人评价,53,9.1
美丽心灵,爱是一切逻辑和原由。,导演:朗·霍华德RonHoward主演:罗素·克劳RussellCrowe/艾德·哈...2001/美国/传记剧情,379978人评价,54,8.9
素媛,受过伤害的人总是笑得最开心，因为他们不愿意让身边的人承受一样的痛苦。,导演:李濬益Jun-ikLee主演:薛景求Kyung-guSol/严志媛Ji-wonUhm...2013/韩国/剧情,250273人评价,55,9.1
情书,暗恋的极致。,导演:岩井俊二ShunjiIwai主演:中山美穗MihoNakayama/丰川悦司Ets...1995/日本/剧情爱情,470812人评价,56,8.8
狮子王,动物版《哈姆雷特》。,导演:RogerAllers/罗伯·明可夫RobMinkoff主演:乔纳森·泰勒·托马...1994/美国/剧情动画冒险歌舞家庭,361780人评价,57,8.9
末代皇帝,“不要跟我比惨，我比你更惨”再适合这部电影不过了。,导演:贝纳尔多·贝托鲁奇BernardoBertolucci主演:尊龙JohnLone/陈...1987/英国意大利中国大陆法国美国/剧情传记历史,257875人评价,58,9.1
钢琴家,音乐能化解仇恨。,导演:罗曼·波兰斯基RomanPolanski主演:艾德里安·布洛迪AdrienBrod...2002/法国德国英国波兰/剧情传记历史战争音乐,250705人评价,59,9.1
美国往事,往事如烟，无处祭奠。,导演:赛尔乔·莱翁内SergioLeone主演:罗伯特·德尼罗RobertDeNiro...1984/意大利美国/犯罪剧情,215821人评价,60,9.1
小鞋子,奔跑的孩子是天使。,导演:马基德·马基迪MajidMajidi主演:AmirFarrokhHashemian/默罕...1997/伊朗/剧情家庭儿童,182106人评价,61,9.2
七宗罪,警察抓小偷，老鼠玩死猫。,导演:大卫·芬奇DavidFincher主演:摩根·弗里曼MorganFreeman/布...1995/美国/剧情犯罪悬疑惊悚,523563人评价,62,8.8
本杰明·巴顿奇事,在时间之河里感受溺水之苦。,导演:大卫·芬奇DavidFincher主演:凯特·布兰切特CateBlanchett/...2008/美国/剧情爱情奇幻,489374人评价,63,8.8
被嫌弃的松子的一生,以戏谑来戏谑戏谑。,导演:中岛哲也TetsuyaNakashima主演:中谷美纪MikiNakatani/瑛太E...2006/日本/剧情歌舞,378035人评价,64,8.9
致命魔术,孪生蝙蝠侠大战克隆金刚狼。,导演:克里斯托弗·诺兰ChristopherNolan主演:休·杰克曼HughJackman...2006/美国英国/剧情悬疑惊悚,428575人评价,65,8.8
西西里的美丽传说,美丽无罪。,导演:朱塞佩·托纳多雷GiuseppeTornatore主演:莫妮卡·贝鲁奇Monica...2000/意大利美国/剧情战争情色,455915人评价,66,8.8
黑客帝国,视觉革命。,导演:安迪·沃卓斯基AndyWachowski/拉娜·沃卓斯基LanaWachowski主...1999/美国澳大利亚/动作科幻,360250人评价,67,8.9
让子弹飞,你给我翻译翻译，神马叫做TMD的惊喜。,导演:姜文WenJiang主演:姜文WenJiang/葛优YouGe/周润发Yun-F...2010/中国大陆香港/剧情喜剧动作西部,797292人评价,68,8.7
看不见的客人,你以为你以为的就是你以为的。,导演:奥里奥尔·保罗OriolPaulo主演:马里奥·卡萨斯MarioCasas/阿...2016/西班牙/剧情犯罪悬疑惊悚,489803人评价,69,8.7
拯救大兵瑞恩,美利坚精神输出大片No1.,导演:史蒂文·斯皮尔伯格StevenSpielberg主演:汤姆·汉克斯TomHanks...1998/美国/剧情历史战争,308927人评价,70,8.9
天使爱美丽,法式小清新。 ,导演:让-皮埃尔·热内Jean-PierreJeunet主演:奥黛丽·塔图AudreyTau...2001/法国德国/喜剧爱情,580844人评价,71,8.7
音乐之声,用音乐化解仇恨，让歌声串起美好。,导演:RobertWise主演:朱丽·安德鲁斯JulieAndrews/克里斯托弗·普...1965/美国/剧情传记爱情歌舞,286912人评价,72,8.9
低俗小说,故事的高级讲法。,导演:昆汀·塔伦蒂诺QuentinTarantino主演:约翰·特拉沃尔塔JohnTra...1994/美国/剧情喜剧犯罪,419999人评价,73,8.8
大闹天宫,经典之作，历久弥新。,导演:万籁鸣LaimingWan/唐澄ChengTang主演:邱岳峰YuefengQiu/...1961(中国大陆)/1964(中国大陆)/1978(中国大陆)/2004(中国大陆)/中国大陆/动画奇幻,141864人评价,74,9.3
勇敢的心,史诗大片的典范。,导演:梅尔·吉布森MelGibson主演:梅尔·吉布森MelGibson/苏菲·玛...1995/美国/动作传记剧情历史战争,348150人评价,75,8.8
剪刀手爱德华,浪漫忧郁的成人童话。,导演:TimBurton主演:约翰尼·德普JohnnyDepp/薇诺娜·瑞德Winona...1990/美国/剧情奇幻爱情,591511人评价,76,8.7
哈利·波特与魔法石,童话世界的开端。,导演:ChrisColumbus主演:DanielRadcliffe/EmmaWatson/RupertGrint2001/美国英国/奇幻冒险,364630人评价,77,8.8
沉默的羔羊,安东尼·霍普金斯的顶级表演。,导演:乔纳森·戴米JonathanDemme主演:朱迪·福斯特JodieFoster/安...1991/美国/剧情犯罪惊悚,428039人评价,78,8.8
蝴蝶效应,人的命运被自己瞬间的抉择改变。,导演:埃里克·布雷斯EricBress/J·麦基·格鲁伯J.MackyeGruber主...2004/美国加拿大/剧情悬疑科幻惊悚,471194人评价,79,8.7
春光乍泄,爱情纠缠，男女一致。,导演:王家卫KarWaiWong主演:张国荣LeslieCheung/梁朝伟TonyLeu...1997/香港日本韩国/剧情爱情同性,310360人评价,80,8.9
心灵捕手,人生中应该拥有这样的一段豁然开朗。,导演:格斯·范·桑特GusVanSant主演:马特·达蒙MattDamon/罗宾·...1997/美国/剧情,342024人评价,81,8.8
入殓师,死可能是一道门，逝去并不是终结，而是超越，走向下一程。,导演:泷田洋二郎YôjirôTakita主演:本木雅弘MasahiroMotoki/...2008/日本/剧情,366832人评价,82,8.8
猫鼠游戏,骗子大师和执著警探的你追我跑故事。 ,导演:史蒂文·斯皮尔伯格StevenSpielberg主演:莱昂纳多·迪卡普里奥L...2002/美国加拿大/传记犯罪剧情,311668人评价,83,8.8
布达佩斯大饭店,小清新的故事里注入了大历史的情怀。,导演:韦斯·安德森WesAnderson主演:拉尔夫·费因斯RalphFiennes/...2014/美国德国英国/剧情喜剧冒险,412639人评价,84,8.8
禁闭岛,昔日翩翩少年，今日大腹便便。,导演:MartinScorsese主演:莱昂纳多·迪卡普里奥LeonardoDiCaprio/...2010/美国/剧情悬疑惊悚,453483人评价,85,8.7
玛丽和马克思,你是我最好的朋友，你是我唯一的朋友 。,导演:亚当·艾略特AdamElliot主演:托妮·科莱特ToniCollette/菲利...2009/澳大利亚/剧情动画,265392人评价,86,8.9
阳光灿烂的日子,一场华丽的意淫。,导演:姜文WenJiang主演:夏雨YuXia/宁静JingNing/陶虹HongTao1994/中国大陆香港/剧情,334341人评价,87,8.8
幽灵公主,人与自然的战争史诗。,导演:宫崎骏HayaoMiyazaki主演:松田洋治YôjiMatsuda/石田百合...1997/日本/动画奇幻冒险,288108人评价,88,8.8
第六感,深入内心的恐怖，出人意料的结局。,导演:M·奈特·沙马兰M.NightShyamalan主演:布鲁斯·威利斯BruceWi...1999/美国/剧情悬疑惊悚,286370人评价,89,8.8
狩猎,人言可畏。,导演:托马斯·温特伯格ThomasVinterberg主演:麦斯·米科尔森MadsMik...2012/丹麦瑞典/剧情,169226人评价,90,9.1
重庆森林,寂寞没有期限。,导演:王家卫KarWaiWong主演:林青霞BrigitteLin/金城武TakeshiK...1994/香港/剧情爱情,407590人评价,91,8.7
穿条纹睡衣的男孩,尽管有些不切实际的幻想，这部电影依旧是一部感人肺腑的佳作。,导演:马克·赫门MarkHerman主演:阿沙·巴特菲尔德AsaButterfield/...2008/英国美国/剧情战争,200147人评价,92,9.0
致命ID,最不可能的那个人永远是最可能的。,导演:JamesMangold主演:JohnCusack/RayLiotta/AmandaPeet2003/美国/剧情悬疑惊悚,394490人评价,93,8.7
断背山,每个人心中都有一座断背山。,导演:李安AngLee主演:希斯·莱杰HeathLedger/杰克·吉伦哈尔Jake...2005/美国加拿大/剧情爱情同性家庭,391450人评价,94,8.7
加勒比海盗,约翰尼·德普的独角戏。,导演:戈尔·维宾斯基GoreVerbinski主演:约翰尼·德普JohnnyDepp/...2003/美国/动作冒险奇幻,436549人评价,95,8.6
阿凡达,绝对意义上的美轮美奂。,导演:詹姆斯·卡梅隆JamesCameron主演:萨姆·沃辛顿SamWorthington...2009/美国英国/动作战争科幻冒险,653581人评价,96,8.6
摩登时代,大时代中的人生，小人物的悲喜。,导演:查理·卓别林CharlesChaplin主演:查理·卓别林CharlesChaplin...1936/美国/喜剧剧情爱情,118852人评价,97,9.2
大鱼,抱着梦想而活着的人是幸福的，怀抱梦想而死去的人是不朽的。,导演:蒂姆·波顿TimBurton主演:伊万·麦克格雷格EwanMcGregor/阿...2003/美国/剧情家庭奇幻冒险,305125人评价,98,8.7
告白,没有一人完全善，也没有一人完全恶。,导演:中岛哲也TetsuyaNakashima主演:松隆子TakakoMatsu/冈田将生...2010/日本/剧情惊悚,413247人评价,99,8.7
寻梦环游记,死亡不是真的逝去，遗忘才是永恒的消亡。,导演:李·昂克里奇LeeUnkrich/阿德里安·莫利纳AdrianMolina主演:...2017/美国/喜剧动画奇幻音乐,619678人评价,100,9.0
一一,我们都曾经是一一。,导演:杨德昌EdwardYang主演:吴念真/李凯莉KellyLee/金燕玲Elai...2000/台湾日本/剧情爱情家庭,186385人评价,101,9.0
射雕英雄传之东成西就,百看不厌。 ,导演:刘镇伟JeffreyLau主演:梁朝伟TonyLeungChiuWai/林青霞Bri...1993/香港/喜剧古装,333098人评价,102,8.7
甜蜜蜜,相逢只要一瞬间，等待却像是一辈子。,导演:陈可辛PeterChan主演:黎明LeonLai/张曼玉MaggieCheung/...1996/香港/剧情爱情,273280人评价,103,8.8
阳光姐妹淘,再多各自牛逼的时光，也比不上一起傻逼的岁月。 ,导演:姜炯哲Hyeong-CheolKang主演:沈恩京Eun-kyungShim/闵孝琳Hy...2011/韩国/剧情喜剧,328175人评价,104,8.8
消失的爱人,年度最佳date movie。,导演:大卫·芬奇DavidFincher主演:本·阿弗莱克BenAffleck/罗莎蒙...2014/美国/剧情犯罪悬疑惊悚,446070人评价,105,8.7
爱在黎明破晓前,缘分是个连绵词，最美不过一瞬。,导演:理查德·林克莱特RichardLinklater主演:伊桑·霍克EthanHawke...1995/美国奥地利瑞士/剧情爱情,273738人评价,106,8.7
上帝之城,被上帝抛弃了的上帝之城。,导演:KátiaLund/FernandoMeirelles主演:AlexandreRodrigues/Lea...2002/巴西法国/犯罪剧情,181194人评价,107,8.9
喜剧之王,我是一个演员。,导演:周星驰StephenChow/李力持Lik-ChiLee主演:周星驰StephenCh...1999/香港/喜剧剧情爱情,406064人评价,108,8.6
小森林 夏秋篇,那些静得只能听见呼吸的日子里，你明白孤独即生活。,导演:森淳一JunichiMori主演:桥本爱AiHashimoto/三浦贵大Takahir...2014/日本/剧情,180547人评价,109,8.9
侧耳倾听,少女情怀总是诗。,导演:近藤喜文YoshifumiKondo主演:本名阳子YoukoHonna/小林桂树K...1995/日本/剧情爱情动画,213846人评价,110,8.8
风之谷,动画片的圣经。,导演:宫崎骏HayaoMiyazaki主演:岛本须美SumiShimamoto/松田洋治Y...1984/日本/动画奇幻冒险,213358人评价,111,8.8
恐怖直播,恐怖分子的“秋菊打官司”。,导演:金秉祐Byeong-wooKim主演:河正宇Jung-wooHa/李璟荣Kyeong-y...2013/韩国/剧情犯罪悬疑,290763人评价,112,8.7
倩女幽魂,两张绝世的脸。 ,导演:程小东Siu-TungChing主演:张国荣LeslieCheung/王祖贤JoeyW...1987/香港/剧情爱情武侠古装,329798人评价,113,8.7
超脱,穷尽一生，我们要学会的，不过是彼此拥抱。,导演:托尼·凯耶TonyKaye主演:艾德里安·布洛迪AdrienBrody/马西...2011/美国/剧情,218403人评价,114,8.8
红辣椒,梦的勾结。,导演:今敏SatoshiKon主演:林原惠美MegumiHayashibara/古谷彻T...2006/日本/动画悬疑科幻惊悚,172266人评价,115,8.9
爱在日落黄昏时,九年后的重逢是世俗和责任的交叠，没了悸动和青涩，沧桑而温暖。,导演:理查德·林克莱特RichardLinklater主演:伊桑·霍克EthanHawke...2004/美国/剧情爱情,241453人评价,116,8.8
菊次郎的夏天,从没见过那么流氓的温柔，从没见过那么温柔的流氓。,导演:北野武TakeshiKitano主演:北野武TakeshiKitano/关口雄介Yus...1999/日本/剧情喜剧,233894人评价,117,8.8
驯龙高手,和谐的生活离不开摸头与被摸头。,导演:迪恩·德布洛斯DeanDeBlois/克里斯·桑德斯ChrisSanders主演:...2010/美国/喜剧动画奇幻冒险,353972人评价,118,8.7
幸福终点站,有时候幸福需要等一等。 ,导演:史蒂文·斯皮尔伯格StevenSpielberg主演:汤姆·汉克斯TomHanks...2004/美国/喜剧剧情爱情,269895人评价,119,8.7
神偷奶爸,Mr. I Don't Care其实也有Care的时候。,导演:皮艾尔·柯芬PierreCoffin/克里斯·雷纳德ChrisRenaud主演:...2010/美国法国/喜剧动画冒险,477740人评价,120,8.5
借东西的小人阿莉埃蒂,曾经的那段美好会沉淀为一辈子的记忆。,导演:米林宏昌HiromasaYonebayashi主演:志田未来MiraiShida/神木...2010/日本/动画奇幻冒险,264041人评价,121,8.7
杀人回忆,关于连环杀人悬案的集体回忆。,导演:奉俊昊Joon-hoBong主演:宋康昊Kang-hoSong/金相庆Sang-kyun...2003/韩国/犯罪剧情悬疑惊悚,255236人评价,122,8.7
请以你的名字呼唤我,沉醉在电影的情感和视听氛围中无法自拔。,导演:卢卡·圭达尼诺LucaGuadagnino主演:蒂莫西·柴勒梅德Timothée...2017/意大利法国巴西美国/剧情爱情同性,246717人评价,123,8.8
哈利·波特与死亡圣器(下),10年的完美句点。,导演:大卫·叶茨DavidYates主演:丹尼尔·雷德克里夫DanielRadcliffe...2011/美国英国/剧情悬疑奇幻冒险,342480人评价,124,8.7
七武士,时代悲歌。,导演:黑泽明AkiraKurosawa主演:三船敏郎ToshirôMifune/志村乔...1954/日本/动作冒险剧情,95166人评价,125,9.2
岁月神偷,岁月流逝，来日可追。,导演:罗启锐AlexLaw主演:吴君如SandraNg/任达华SimonYam/钟绍...2010/香港中国大陆/剧情家庭,354867人评价,126,8.6
小森林 冬春篇,尊敬他人，尊敬你生活的这片土地，明白孤独是人生的常态。,导演:森淳一JunichiMori主演:桥本爱AiHashimoto/三浦贵大Takahir...2015/日本/剧情,156590人评价,127,9.0
怪兽电力公司,不要给它起名字，起了名字就有感情了。,导演:彼特·道格特PeteDocter/大卫·斯沃曼DavidSilverman主演:约...2001/美国/儿童喜剧动画奇幻冒险,304292人评价,128,8.6
萤火虫之墓,幸福是生生不息，却难以触及的远。 ,导演:高畑勋IsaoTakahata主演:辰己努/白石绫乃/志乃原良子1988/日本/动画剧情战争,240919人评价,129,8.7
谍影重重3,像吃了苏打饼一样干脆的电影。,导演:保罗·格林格拉斯PaulGreengrass主演:马特·达蒙MattDamon/...2007/美国德国/动作悬疑惊悚,219976人评价,130,8.7
电锯惊魂,真相就在眼前。,导演:詹姆斯·温JamesWan主演:雷·沃纳尔LeighWhannell/加利·艾...2004/美国/悬疑惊悚恐怖,240078人评价,131,8.7
7号房的礼物,《我是山姆》的《美丽人生》。,导演:李焕庆Hwan-kyeongLee主演:柳承龙Seung-yongRyoo/朴信惠Shi...2013/韩国/剧情喜剧家庭,223980人评价,132,8.7
东邪西毒,电影诗。,导演:王家卫KarWaiWong主演:张国荣LeslieCheung/林青霞Brigitte...1994/香港台湾/剧情动作爱情武侠古装,309305人评价,133,8.6
喜宴,中国家庭的喜怒哀乐忍。,导演:李安AngLee主演:赵文瑄WinstonChao/郎雄SihungLung/归亚...1993/台湾美国/剧情喜剧爱情同性家庭,169514人评价,134,8.8
疯狂原始人,老少皆宜，这就是好莱坞动画的魅力。,导演:科克·德·米科KirkDeMicco/克里斯·桑德斯ChrisSanders主演...2013/美国/喜剧动画冒险,444923人评价,135,8.7
贫民窟的百万富翁,上帝之城+猜火车+阿甘正传+开心辞典=山寨富翁,导演:丹尼·鲍尔DannyBoyle/洛芙琳·坦丹LoveleenTandan主演:戴夫...2008/英国美国/剧情爱情,451151人评价,136,8.5
萤火之森,触不到的恋人。,导演:大森贵弘TakahiroOmori主演:佐仓绫音AyaneSakura/内山昂辉K...2011/日本/剧情爱情动画奇幻,206716人评价,137,8.8
记忆碎片,一个针管引发的血案。,导演:克里斯托弗·诺兰ChristopherNolan主演:盖·皮尔斯GuyPearce/...2000/美国/犯罪剧情悬疑惊悚,330758人评价,138,8.6
黑天鹅,黑暗之美。,导演:达伦·阿罗诺夫斯基DarrenAronofsky主演:娜塔莉·波特曼Natalie...2010/美国/剧情惊悚,488634人评价,139,8.5
真爱至上,爱，是个动词。,导演:理查德·柯蒂斯RichardCurtis主演:休·格兰特HughGrant/柯林...2003/英国美国法国/喜剧剧情爱情,368598人评价,140,8.5
超能陆战队,Balalala~~~,导演:唐·霍尔DonHall/克里斯·威廉姆斯ChrisWilliams主演:斯科特...2014/美国/喜剧动作科幻动画冒险,465456人评价,141,8.6
英雄本色,英雄泪短，兄弟情长。 ,导演:吴宇森JohnWoo主演:周润发Yun-FatChow/狄龙LungTi/张国...1986/香港/动作犯罪,222245人评价,142,8.6
唐伯虎点秋香,华太师是黄霑，吴镇宇四大才子之一。,导演:李力持Lik-ChiLee主演:周星驰StephenChow/巩俐LiGong/陈...1993/香港/喜剧爱情古装,434087人评价,143,8.5
蝙蝠侠：黑暗骑士崛起,诺兰就是保证。,导演:克里斯托弗·诺兰ChristopherNolan主演:克里斯蒂安·贝尔Christ...2012/美国英国/剧情动作科幻犯罪惊悚,353931人评价,144,8.6
雨人,生活在自己的世界里，也可以让周围的人显得可笑和渺小。,导演:巴瑞·莱文森BarryLevinson主演:达斯汀·霍夫曼DustinHoffman...1988/美国/剧情,239517人评价,145,8.7
心迷宫,荒诞讽刺，千奇百巧，抽丝剥茧，百转千回。,导演:忻钰坤YukunXin主演:霍卫民WeiminHuo/王笑天XiaotianWang...2014/中国大陆/剧情犯罪悬疑,230092人评价,146,8.7
卢旺达饭店,当这个世界闭上双眼，他却敞开了怀抱。,导演:特瑞·乔治TerryGeorge主演:唐·钱德尔DonCheadle/苏菲·奥...2004/英国南非意大利美国/剧情历史战争,143729人评价,147,8.9
傲慢与偏见,爱是摈弃傲慢与偏见之后的曙光。,导演:乔·怀特JoeWright主演:凯拉·奈特莉KeiraKnightley/马修·...2005/法国英国美国/剧情爱情,367262人评价,148,8.5
荒蛮故事,始于荒诞，止于更荒诞。,导演:达米安·斯兹弗隆DamiánSzifron主演:达里奥·葛兰帝内提Darío...2014/阿根廷西班牙/剧情喜剧犯罪,184534人评价,149,8.8
海洋,大海啊，不全是水。,导演:雅克·贝汉JacquesPerrin/雅克·克鲁奥德JacquesCluzaud主演:...2009/法国瑞士西班牙美国阿联酋/纪录片,108301人评价,150,9.0
纵横四海,香港浪漫主义警匪动作片的巅峰之作。,导演:吴宇森JohnWoo主演:周润发Yun-FatChow/张国荣LeslieCheung...1991/香港/剧情喜剧动作犯罪,187224人评价,151,8.7
无人知晓,我的平常生活就是他人的幸福。,导演:是枝裕和HirokazuKoreeda主演:柳乐优弥YûyaYagira/北浦爱...2004/日本/剧情,96974人评价,152,9.1
时空恋旅人,把每天当作最后一天般珍惜度过，积极拥抱生活，就是幸福。,导演:理查德·柯蒂斯RichardCurtis主演:多姆纳尔·格利森DomhnallGl...2013/英国/剧情爱情奇幻,252653人评价,153,8.7
海边的曼彻斯特,我们都有权利不与自己的过去和解。,导演:肯尼斯·罗纳根KennethLonergan主演:卡西·阿弗莱克CaseyAffle...2016/美国/剧情家庭,252183人评价,154,8.6
教父3,任何信念的力量，都无法改变命运。,导演:弗朗西斯·福特·科波拉FrancisFordCoppola主演:阿尔·帕西诺A...1990/美国/剧情犯罪,160765人评价,155,8.8
玩具总动员3,跨度十五年的欢乐与泪水。,导演:李·昂克里奇LeeUnkrich主演:汤姆·汉克斯TomHanks/蒂姆·艾...2010/美国/喜剧动画奇幻冒险,230103人评价,156,8.8
完美的世界,坏人的好总是比好人的好来得更感人。,导演:克林特·伊斯特伍德ClintEastwood主演:凯文·科斯特纳KevinCos...1993/美国/剧情犯罪,100889人评价,157,9.0
花样年华,偷情本没有这样美。,导演:王家卫KarWaiWong主演:梁朝伟TonyLeungChiuWai/张曼玉Ma...2000/香港/剧情爱情,294271人评价,158,8.6
虎口脱险,永远看不腻的喜剧。,导演:杰拉尔·乌里GérardOury主演:路易·德·菲耐斯LouisdeFunès...1966/法国英国/喜剧战争,124294人评价,159,8.9
血战钢锯岭,优秀的战争片不会美化战场，不会粉饰死亡，不会矮化敌人，不会无视常识，最重要的，不会宣扬战争。,导演:梅尔·吉布森MelGibson主演:安德鲁·加菲尔德AndrewGarfield/...2016/美国澳大利亚/剧情传记历史战争,396648人评价,160,8.7
达拉斯买家俱乐部,Jared Leto的腿比女人还美！,导演:让-马克·瓦雷Jean-MarcVallée主演:马修·麦康纳MatthewMcCon...2013/美国/剧情传记同性,227369人评价,161,8.7
恋恋笔记本,爱情没有那么多借口，如果不能圆满，只能说明爱的不够。 ,导演:尼克·卡索维茨NickCassavetes主演:瑞恩·高斯林RyanGosling/...2004/美国/剧情爱情,337641人评价,162,8.5
燃情岁月,传奇，不是每个人都可以拥有。,导演:爱德华·兹威克EdwardZwick主演:安东尼·霍普金斯AnthonyHopki...1994/美国/剧情爱情西部家庭,167698人评价,163,8.7
二十二,有一些东西不应该被遗忘。,导演:郭柯KeGuo主演:2015/中国大陆/纪录片,136484人评价,164,8.7
雨中曲,骨灰级歌舞片。,导演:StanleyDonen/GeneKelly主演:GeneKelly/DonaldO'Connor/...1952/美国/喜剧歌舞爱情,108570人评价,165,9.0
冰川时代,松鼠才是角儿。,导演:卡洛斯·沙尔丹哈CarlosSaldanha/克里斯·韦奇ChrisWedge主演...2002/美国/喜剧动画冒险,327075人评价,166,8.5
魂断蓝桥,中国式内在的美国电影。,导演:MervynLeRoy主演:VivienLeigh/RobertTaylor/LucileWatson1940/美国/剧情战争爱情,148559人评价,167,8.8
我是山姆,爱并不需要智商 。,导演:杰茜·尼尔森JessieNelson主演:SeanPenn/DakotaFanning/Mi...2001/美国/剧情家庭,127965人评价,168,8.8
穿越时空的少女,爱上未来的你。 ,导演:细田守MamoruHosoda主演:仲里依纱RiisaNaka/石田卓也Takuya...2006/日本/剧情爱情科幻动画,217153人评价,169,8.6
猜火车,不可猜的青春迷笛。 ,导演:丹尼·博伊尔DannyBoyle主演:伊万·麦克格雷格EwanMcGregor/...1996/英国/犯罪剧情,281462人评价,170,8.5
人工智能,对爱的执着，可以超越一切。,导演:史蒂文·斯皮尔伯格StevenSpielberg主演:海利·乔·奥斯蒙Haley...2001/美国/冒险剧情科幻,225807人评价,171,8.6
头脑特工队,愿我们都不用长大，每一座城堡都能永远存在。,导演:彼特·道格特PeteDocter/罗纳尔多·德尔·卡门RonaldoDelCarmen&nb...2015/美国/喜剧动画冒险,285263人评价,172,8.7
被解救的姜戈,热血沸腾，那个低俗、性感的无耻混蛋又来了。,导演:昆汀·塔伦蒂诺QuentinTarantino主演:杰米·福克斯JamieFoxx/...2012/美国/剧情动作西部冒险,306581人评价,173,8.6
爆裂鼓手,这个世界从不善待努力的人，努力了也不一定会成功，但是知道自己在努力，就是活下去的动力。,导演:达米安·沙泽勒DamienChazelle主演:迈尔斯·特勒MilesTeller/...2014/美国/剧情音乐,282488人评价,174,8.6
未麻的部屋,好的剧本是，就算你猜到了结局也猜不到全部。,导演:今敏SatoshiKon主演:岩男润子JunkoIwao/松本梨香RicaMatsu...1997/日本/动画奇幻惊悚,121916人评价,175,8.9
你的名字。,穿越错位的时空，仰望陨落的星辰，你没留下你的名字，我却无法忘记那句“我爱你”。,导演:新海诚MakotoShinkai主演:神木隆之介RyûnosukeKamiki/上...2016/日本/剧情爱情动画,608154人评价,176,8.4
无敌破坏王,迪士尼和皮克斯拿错剧本的产物。,导演:瑞奇·莫尔RichMoore主演:约翰·C·赖利JohnC.Reilly/萨拉...2012/美国/喜剧动画奇幻冒险,247220人评价,177,8.7
罗生门,人生的N种可能性。,导演:黑泽明AkiraKurosawa主演:三船敏郎ToshirôMifune/千秋实...1950/日本/犯罪剧情悬疑,152377人评价,178,8.7
浪潮,世界离独裁只有五天。,导演:丹尼斯·甘塞尔DennisGansel主演:尤尔根·沃格尔JürgenVogel...2008/德国/剧情惊悚,154936人评价,179,8.7
阿飞正传,王家卫是一种风格，张国荣是一个代表。,导演:王家卫KarWaiWong主演:张国荣LeslieCheung/张曼玉MaggieC...1990/香港/犯罪剧情爱情,252207人评价,180,8.5
香水,一个单凭体香达到高潮的男人。,导演:汤姆·提克威TomTykwer主演:本·卫肖BenWhishaw/艾伦·瑞克...2006/德国法国西班牙美国/剧情犯罪奇幻,321643人评价,181,8.4
朗读者,当爱情跨越年龄的界限，它似乎能变得更久远一点，成为一种责任，一种水到渠成的相濡以沫。 ,导演:史蒂芬·戴德利StephenDaldry主演:凯特·温丝莱特KateWinslet...2008/美国德国/剧情爱情,309271人评价,182,8.5
房间,被偷走的岁月，被伤害的生命，被禁锢的灵魂，终将被希望和善意救赎。,导演:伦尼·阿伯拉罕森LennyAbrahamson主演:布丽·拉尔森BrieLarson...2015/爱尔兰加拿大英国美国/剧情家庭,193128人评价,183,8.8
模仿游戏,他给机器起名“克里斯托弗”，因为这是他初恋的名字。,导演:莫腾·泰杜姆MortenTyldum主演:本尼迪克特·康伯巴奇BenedictC...2014/英国美国/剧情传记战争同性,307086人评价,184,8.6
恐怖游轮,不要企图在重复中寻找已经失去的爱。,导演:克里斯托弗·史密斯ChristopherSmith主演:梅利莎·乔治Melissa...2009/英国澳大利亚/剧情悬疑惊悚,391488人评价,185,8.4
一个叫欧维的男人决定去死,惠及一生的美丽。,导演:汉内斯·赫尔姆HannesHolm主演:罗夫·拉斯加德RolfLassgård...2015/瑞典/剧情,157834人评价,186,8.8
可可西里,坚硬的信仰。,导演:陆川ChuanLu主演:多布杰Duobujie/张磊LeiZhang/亓亮QiL...2004/中国大陆香港/剧情犯罪,152194人评价,187,8.7
忠犬八公物语,养狗三日，便会对你终其一生。,导演:SeijirôKôyama主演:山本圭KeiYamamoto/井川比佐志Hisa...1987/日本/剧情,77747人评价,188,9.1
魔女宅急便,宫崎骏的电影总让人感觉世界是美好的，阳光明媚的。,导演:宫崎骏HayaoMiyazaki主演:高山南MinamiTakayama/佐久间玲Re...1989/日本/动画奇幻冒险,236234人评价,189,8.5
战争之王,做一颗让别人需要你的棋子。,导演:安德鲁·尼科尔AndrewNiccol主演:尼古拉斯·凯奇NicolasCage/...2005/美国法国/剧情犯罪,199799人评价,190,8.6
一次别离,只有有信仰的人才能说出事实真相。,导演:阿斯哈·法哈蒂AsgharFarhadi主演:佩曼·莫阿迪PeymanMoadi/...2011/伊朗法国/剧情家庭,152521人评价,191,8.7
哪吒闹海,想你时你在闹海。,导演:严定宪DingxianYan/王树忱ShuchenWang主演:梁正晖Zhenghui...1979/中国大陆/冒险动画奇幻,101118人评价,192,8.9
完美陌生人,来啊，互相伤害啊！,导演:保罗·格诺维瑟PaoloGenovese主演:马可·贾利尼MarcoGiallini...2016/意大利/剧情喜剧,260278人评价,193,8.6
谍影重重,哗啦啦啦啦，天在下雨，哗啦啦啦啦，云在哭泣……找自己。,导演:道格·里曼DougLiman主演:马特·达蒙MattDamon/弗兰卡·波坦...2002/美国德国捷克/动作悬疑惊悚,227842人评价,194,8.5
追随,诺兰的牛逼来源于内心散发出的恐惧。,导演:克里斯托弗·诺兰ChristopherNolan主演:杰里米·西奥伯德Jeremy...1998/英国/犯罪悬疑惊悚,95691人评价,195,8.9
谍影重重2,谁说王家卫镜头很晃？,导演:保罗·格林格拉斯PaulGreengrass主演:马特·达蒙MattDamon/...2004/美国德国/动作悬疑惊悚,189862人评价,196,8.6
地球上的星星,天使保护事件始末。,导演:阿米尔·汗AamirKhan主演:达席尔·萨法瑞DarsheelSafary/阿...2007/印度/剧情儿童家庭,102167人评价,197,8.9
牯岭街少年杀人事件,弱者送给弱者的一刀。,导演:杨德昌EdwardYang主演:张震ChenChang/杨静怡LisaYang/张...1991/台湾/剧情犯罪,128312人评价,198,8.8
撞车,天使与魔鬼的冲撞。,导演:保罗·哈吉斯PaulHaggis主演:桑德拉·布洛克SandraBullock/...2004/美国德国/犯罪剧情,198661人评价,199,8.6
黑客帝国3：矩阵革命,不得不说，《黑客帝国》系列是商业片与科幻、哲学完美结合的典范。,导演:AndyWachowski/LarryWachowski主演:KeanuReeves/LaurenceF...2003/美国澳大利亚/动作科幻,188766人评价,200,8.6
惊魂记,故事的反转与反转，分裂电影的始祖。,导演:AlfredHitchcock主演:JanetLeigh/AnthonyPerkins/VeraMiles1960/美国/悬疑惊悚恐怖,102228人评价,201,8.9
青蛇,人生如此，浮生如斯。谁人言，花彼岸，此生情长意短。谁都是不懂爱的罢了。,导演:徐克HarkTsui主演:张曼玉MaggieCheung/王祖贤JoeyWang/...1993/香港/剧情奇幻古装,265427人评价,202,8.5
梦之安魂曲,一场没有春天的噩梦。,导演:达伦·阿伦诺夫斯基DarrenAronofsky主演:艾伦·伯斯汀EllenBur...2000/美国/剧情,129553人评价,203,8.7
海街日记,是枝裕和的家庭习作。,导演:是枝裕和HirokazuKoreeda主演:绫濑遥HarukaAyase/长泽雅美M...2015/日本/剧情家庭,172305人评价,204,8.7
小萝莉的猴神大叔,宝莱坞的萝莉与大叔。,导演:卡比尔·汗KabirKhan主演:萨尔曼·汗SalmanKhan/哈莎莉·马...2015/印度/剧情喜剧动作,214380人评价,205,8.5
再次出发之纽约遇见你,爱我就给我看你的播放列表。,导演:约翰·卡尼JohnCarney主演:凯拉·奈特莉KeiraKnightley/马克...2013/美国/喜剧爱情音乐,209136人评价,206,8.5
新龙门客栈,嬉笑怒骂，调风动月。,导演:李惠民RaymondLee主演:张曼玉MaggieCheung/林青霞Brigitte...1992/香港中国大陆/剧情动作武侠古装,221896人评价,207,8.5
步履不停,日本的家庭电影已经是世界巅峰了，步履不停是巅峰中的佳作。,导演:是枝裕和HirokazuKoreeda主演:阿部宽HiroshiAbe/夏川结衣Yu...2008/日本/剧情家庭,110323人评价,208,8.8
源代码,邓肯·琼斯继《月球》之后再度奉献出一部精彩绝伦的科幻佳作。,导演:邓肯·琼斯DuncanJones主演:杰克·吉伦哈尔JakeGyllenhaal/...2011/美国加拿大/科幻悬疑惊悚,465377人评价,209,8.4
终结者2：审判日,少见的超越首部的续集，动作片中的经典。,导演:詹姆斯·卡梅隆JamesCameron主演:阿诺·施瓦辛格ArnoldSchwarz...1991/美国法国/动作科幻,167836人评价,210,8.6
东京物语,东京那么大，如果有一天走失了，恐怕一辈子不能再相见。,导演:小津安二郎YasujirôOzu主演:笠智众ChishûRyû/原节...1953/日本/剧情家庭,62080人评价,211,9.2
初恋这件小事,黑小鸭速效美白记。,导演:普特鹏·普罗萨卡·那·萨克那卡林PuttipongPromsakaNaSakolnakorn/华森·波克彭...2010/泰国/剧情喜剧爱情,543967人评价,212,8.3
疯狂的石头,中国版《两杆大烟枪》。,导演:宁浩HaoNing主演:郭涛TaoGuo/刘桦HuaLiu/连晋TeddyLin2006/中国大陆香港/喜剧犯罪,379885人评价,213,8.3
城市之光,永远的小人物，伟大的卓别林。,导演:CharlesChaplin主演:查理·卓别林CharlesChaplin/弗吉尼亚·...1931/美国/喜剧剧情爱情,54929人评价,214,9.2
绿里奇迹,天使暂时离开。,导演:FrankDarabont主演:汤姆·汉克斯TomHanks/大卫·摩斯DavidM...1999/美国/犯罪剧情奇幻悬疑,125777人评价,215,8.7
爱在午夜降临前,所谓爱情，就是话唠一路，都不会心生腻烦，彼此嫌弃。,导演:理查德·林克莱特RichardLinklater主演:伊桑·霍克EthanHawke...2013/美国/剧情爱情,140393人评价,216,8.8
无耻混蛋,昆汀同学越来越变态了，比北野武还杜琪峰。,导演:QuentinTarantino主演:布拉德·皮特BradPitt/梅拉尼·罗兰M...2009/美国德国/剧情犯罪,258185人评价,217,8.5
末路狂花,没有了退路，只好飞向自由。,导演:雷德利·斯科特RidleyScott主演:吉娜·戴维斯GeenaDavis/苏...1991/美国法国/犯罪剧情惊悚,121908人评价,218,8.7
这个男人来自地球,科幻真正的魅力不是视觉效果能取代的。 ,导演:理查德·沙因克曼RichardSchenkman主演:大卫·李·史密斯David...2007/美国/剧情科幻,214048人评价,219,8.5
秒速5厘米,青春就是放弃和怀念。,导演:新海诚MakotoShinkai主演:水桥研二KenjiMizuhashi/近藤好美...2007/日本/动画剧情爱情,357245人评价,220,8.3
勇闯夺命岛,类型片的极致。 ,导演:迈克尔·贝MichaelBay主演:肖恩·康纳利SeanConnery/尼古拉...1996/美国/动作冒险,162640人评价,221,8.6
E.T. 外星人,生病的E.T.皮肤的颜色就像柿子饼。,导演:StevenSpielberg主演:HenryThomas/DeeWallace/RobertMacNa...1982/美国/剧情科幻,182057人评价,222,8.5
变脸,当发哥的风衣、墨镜出现在了凯奇身上⋯⋯,导演:吴宇森JohnWoo主演:约翰·特拉沃尔塔JohnTravolta/尼古拉斯...1997/美国/动作科幻犯罪惊悚,244611人评价,223,8.4
彗星来的那一夜,小成本大魅力。,导演:詹姆斯·沃德·布柯特JamesWardByrkit主演:艾米丽·芭尔多尼Em...2013/美国英国/科幻悬疑惊悚,226108人评价,224,8.4
碧海蓝天,在那片深蓝中，感受来自大海的忧伤寂寞与美丽自由。,导演:LucBesson主演:让-马克·巴尔Jean-MarcBarr/让·雷诺JeanRe...1988/法国美国意大利/剧情爱情,116331人评价,225,8.7
卡萨布兰卡,世界上有那么多女人那么多酒馆，但她偏偏走进我的这家。,导演:MichaelCurtiz主演:亨弗莱·鲍嘉HumphreyBogart/英格丽·褒曼...1942/美国/剧情爱情战争,142983人评价,226,8.6
黄金三镖客,最棒的西部片。,导演:SergioLeone主演:ClintEastwood/EliWallach/LeeVanCleef1966/意大利西班牙西德/冒险西部,61443人评价,227,9.1
发条橙,我完全康复了。,导演:StanleyKubrick主演:MalcolmMcDowell/PatrickMagee/Michael...1971/英国美国/犯罪剧情科幻,211258人评价,228,8.5
聚焦,新闻人的理性求真。,导演:托马斯·麦卡锡ThomasMcCarthy主演:马克·鲁弗洛MarkRuffalo/...2015/美国/剧情传记,151596人评价,229,8.8
血钻,每个美丽事物背后都是滴血的现实。,导演:爱德华·兹威克EdwardZwick主演:莱昂纳多·迪卡普里奥Leonardo...2006/美国德国/剧情惊悚冒险,161311人评价,230,8.6
美国丽人,每个人的内心都是深不可测的大海。 ,导演:萨姆·门德斯SamMendes主演:凯文·史派西KevinSpacey/安妮特...1999/美国/剧情爱情家庭,212423人评价,231,8.5
国王的演讲,皇上无话儿。,导演:汤姆·霍珀TomHooper主演:柯林·菲尔斯ColinFirth/杰弗里·...2010/英国澳大利亚美国/剧情传记历史,390205人评价,232,8.3
海盗电台,生命不止，摇滚不死。,导演:理查德·柯蒂斯RichardCurtis主演:比尔·奈伊BillNighy/肯尼...2009/英国德国法国/剧情喜剧音乐,182312人评价,233,8.6
非常嫌疑犯,我不信仰上帝，但我敬畏上帝。,导演:布莱恩·辛格BryanSinger主演:史蒂芬·鲍德温StephenBaldwin/...1995/德国美国/剧情犯罪悬疑惊悚,139394人评价,234,8.6
荒野生存,出门必备：本草纲目。,导演:西恩·潘SeanPenn主演:埃米尔·赫斯基EmileHirsch/马西娅·...2007/美国/冒险传记剧情,146192人评价,235,8.6
黑鹰坠落,还原真实而残酷的战争。,导演:雷德利·斯科特RidleyScott主演:乔什·哈奈特JoshHartnett/...2001/美国/动作历史战争,141317人评价,236,8.6
我爱你,你要相信，这世上真的有爱存在，不管在什么年纪 ,导演:秋昌民Chang-minChoo主演:宋在河Jae-hoSong/李顺载Soon-jae...2011/韩国/剧情爱情,70826人评价,237,9.0
千钧一发,一部能引人思考的科幻励志片。,导演:安德鲁·尼科尔AndrewNiccol主演:伊桑·霍克EthanHawke/乌玛...1997/美国/剧情科幻惊悚,107801人评价,238,8.7
英国病人,"In memory, love lives forever...",导演:安东尼·明格拉AnthonyMinghella主演:拉尔夫·费因斯RalphFien...1996/美国英国/爱情剧情战争,193995人评价,239,8.5
天书奇谭,传奇的年代，醉人的童话。,导演:王树忱ShuchenWang/钱运达YundaQian主演:丁建华JianhuaDin...1983/中国大陆/动画,61107人评价,240,9.1
遗愿清单,用剩余不多的时间，去燃烧整个生命。,导演:罗伯·莱纳RobReiner主演:杰克·尼科尔森JackNicholson/摩根...2007/美国/冒险喜剧剧情,156699人评价,241,8.5
2001太空漫游,现代科幻电影的开山之作，最伟大导演的最伟大影片。,导演:斯坦利·库布里克StanleyKubrick主演:凯尔·杜拉KeirDullea/...1968/英国美国/科幻惊悚冒险,116059人评价,242,8.7
荒岛余生,一个人的独角戏。,导演:罗伯特·泽米吉斯RobertZemeckis主演:汤姆·汉克斯TomHanks/...2000/美国/冒险剧情,159969人评价,243,8.5
迁徙的鸟,最美的飞翔。,导演:雅克·贝汉JacquesPerrin/雅克·克鲁奥德JacquesCluzaud主演:...2001/法国德国意大利西班牙瑞士/纪录片,57027人评价,244,9.1
勇士,热血沸腾，相当完美的娱乐拳击大餐。,导演:加文·欧康诺GavinO'Connor主演:汤姆·哈迪TomHardy/乔尔·...2011/美国/剧情运动家庭,98352人评价,245,8.9
枪火,一群演技精湛的戏骨，奉献出一个精致的黑帮小品，成就杜琪峰群戏的巅峰之作。,导演:杜琪峰JohnnieTo主演:吴镇宇FrancisNg/任达华SimonYam/...1999/香港/剧情动作犯罪,116431人评价,246,8.7
海蒂和爷爷,,导演:阿兰·葛斯彭纳AlainGsponer主演:阿努克·斯特芬AnukSteffen/...2015/德国瑞士南非/剧情冒险家庭,66982人评价,247,9.0
叫我第一名,乐观比一切都有力量。,导演:彼得·维纳PeterWerner主演:詹姆斯·沃克JamesWolk/特里特·...2008/美国/剧情传记,122672人评价,248,8.6
燕尾蝶,现实与童话交相辉映的旅程。,导演:岩井俊二ShunjiIwai主演:恰拉Chara/伊藤步AyumiIto/三上...1996/日本/犯罪剧情,117078人评价,249,8.6
穆赫兰道,大卫·林奇的梦境迷宫。,导演:大卫·林奇DavidLynch主演:娜奥米·沃茨NaomiWatts/劳拉·哈...2001/法国美国/剧情悬疑惊悚,266110人评价,250,8.3
movie_name,describe,introduce,evalute,serial_number,star
肖申克的救赎,希望让人自由。,导演:弗兰克·德拉邦特FrankDarabont主演:蒂姆·罗宾斯TimRobbins/...1994/美国/犯罪剧情,1240142人评价,1,9.6
霸王别姬,风华绝代。,导演:陈凯歌KaigeChen主演:张国荣LeslieCheung/张丰毅FengyiZha...1993/中国大陆香港/剧情爱情同性,913572人评价,2,9.6
这个杀手不太冷,怪蜀黍和小萝莉不得不说的故事。,导演:吕克·贝松LucBesson主演:让·雷诺JeanReno/娜塔莉·波特曼...1994/法国/剧情动作犯罪,1139873人评价,3,9.4
阿甘正传,一部美国近现代史。,导演:RobertZemeckis主演:TomHanks/RobinWrightPenn/GarySinise1994/美国/剧情爱情,977507人评价,4,9.4
美丽人生,最美的谎言。,导演:罗伯托·贝尼尼RobertoBenigni主演:罗伯托·贝尼尼RobertoBeni...1997/意大利/剧情喜剧爱情战争,571407人评价,5,9.5
泰坦尼克号,失去的才是永恒的。 ,导演:詹姆斯·卡梅隆JamesCameron主演:莱昂纳多·迪卡普里奥Leonardo...1997/美国/剧情爱情灾难,913524人评价,6,9.3
千与千寻,最好的宫崎骏，最好的久石让。 ,导演:宫崎骏HayaoMiyazaki主演:柊瑠美RumiHîragi/入野自由Miy...2001/日本/剧情动画奇幻,907935人评价,7,9.3
辛德勒的名单,拯救一个人，就是拯救整个世界。,导演:史蒂文·斯皮尔伯格StevenSpielberg主演:连姆·尼森LiamNeeson...1993/美国/剧情历史战争,513168人评价,8,9.5
盗梦空间,诺兰给了我们一场无法盗取的梦。,导演:克里斯托弗·诺兰ChristopherNolan主演:莱昂纳多·迪卡普里奥Le...2010/美国英国/剧情科幻悬疑冒险,993396人评价,9,9.3
机器人总动员,小瓦力，大人生。,导演:安德鲁·斯坦顿AndrewStanton主演:本·贝尔特BenBurtt/艾丽...2008/美国/爱情科幻动画冒险,659315人评价,10,9.3
忠犬八公的故事,永远都不能忘记你所爱的人。,导演:莱塞·霍尔斯道姆LasseHallström主演:理查·基尔RichardGer...2009/美国英国/剧情,645148人评价,11,9.3
三傻大闹宝莱坞,英俊版憨豆，高情商版谢耳朵。,导演:拉库马·希拉尼RajkumarHirani主演:阿米尔·汗AamirKhan/卡...2009/印度/剧情喜剧爱情歌舞,888623人评价,12,9.2
海上钢琴师,每个人都要走一条自己坚定了的路，就算是粉身碎骨。 ,导演:朱塞佩·托纳多雷GiuseppeTornatore主演:蒂姆·罗斯TimRoth/...1998/意大利/剧情音乐,741506人评价,13,9.2
放牛班的春天,天籁一般的童声，是最接近上帝的存在。 ,导演:克里斯托夫·巴拉蒂ChristopheBarratier主演:杰拉尔·朱诺Géra...2004/法国瑞士德国/剧情音乐,612021人评价,14,9.2
大话西游之大圣娶亲,一生所爱。,导演:刘镇伟JeffreyLau主演:周星驰StephenChow/吴孟达ManTatNg...1995/香港中国大陆/喜剧爱情奇幻冒险,679011人评价,15,9.2
楚门的世界,如果再也不能见到你，祝你早安，午安，晚安。,导演:彼得·威尔PeterWeir主演:金·凯瑞JimCarrey/劳拉·琳妮Lau...1998/美国/剧情科幻,659979人评价,16,9.2
龙猫,人人心中都有个龙猫，童年就永远不会消失。,导演:宫崎骏HayaoMiyazaki主演:日高法子NorikoHidaka/坂本千夏Ch...1988/日本/动画奇幻冒险,588839人评价,17,9.1
星际穿越,爱是一种力量，让我们超越时空感知它的存在。,导演:克里斯托弗·诺兰ChristopherNolan主演:马修·麦康纳MatthewMc...2014/美国英国加拿大冰岛/剧情科幻冒险,673245人评价,18,9.2
教父,千万不要记恨你的对手，这样会让你失去理智。,导演:弗朗西斯·福特·科波拉FrancisFordCoppola主演:马龙·白兰度M...1972/美国/剧情犯罪,449435人评价,19,9.2
熔炉,我们一路奋战不是为了改变世界，而是为了不让世界改变我们。,导演:黄东赫Dong-hyukHwang主演:孔侑YooGong/郑有美Yu-miJeong...2011/韩国/剧情,384172人评价,20,9.3
无间道,香港电影史上永不过时的杰作。,导演:刘伟强/麦兆辉主演:刘德华/梁朝伟/黄秋生2002/香港/剧情犯罪悬疑,558345人评价,21,9.1
当幸福来敲门,平民励志片。 ,导演:加布里尔·穆奇诺GabrieleMuccino主演:威尔·史密斯WillSmith...2006/美国/剧情传记家庭,718533人评价,22,9.0
触不可及,满满温情的高雅喜剧。,导演:奥利维·那卡什OlivierNakache/艾力克·托兰达EricToledano主...2011/法国/剧情喜剧,476537人评价,23,9.2
怦然心动,真正的幸福是来自内心深处。,导演:罗伯·莱纳RobReiner主演:玛德琳·卡罗尔MadelineCarroll/卡...2010/美国/剧情喜剧爱情,776096人评价,24,9.0
疯狂动物城,迪士尼给我们营造的乌托邦就是这样，永远善良勇敢，永远出乎意料。,导演:拜伦·霍华德ByronHoward/瑞奇·摩尔RichMoore主演:金妮弗·...2016/美国/喜剧动画冒险,741953人评价,25,9.2
乱世佳人,Tomorrow is another day.,导演:维克多·弗莱明VictorFleming/乔治·库克GeorgeCukor主演:费...1939/美国/剧情历史爱情战争,340047人评价,26,9.2
蝙蝠侠：黑暗骑士,无尽的黑暗。,导演:克里斯托弗·诺兰ChristopherNolan主演:克里斯蒂安·贝尔Christ...2008/美国英国/剧情动作科幻犯罪惊悚,448670人评价,27,9.1
活着,张艺谋最好的电影。,导演:张艺谋YimouZhang主演:葛优YouGe/巩俐LiGong/姜武WuJiang1994/中国大陆香港/剧情历史家庭,369272人评价,28,9.2
天堂电影院,那些吻戏，那些青春，都在影院的黑暗里被泪水冲刷得无比清晰。,导演:朱塞佩·托纳多雷GiuseppeTornatore主演:安东娜拉·塔莉Antonel...1988/意大利法国/剧情爱情,372618人评价,29,9.1
少年派的奇幻漂流,瑰丽壮观、无人能及的冒险之旅。,导演:李安AngLee主演:苏拉·沙玛SurajSharma/伊尔凡·可汗Irrfan...2012/美国台湾英国加拿大/剧情奇幻冒险,733949人评价,30,9.0
十二怒汉,1957年的理想主义。 ,导演:SidneyLumet主演:亨利·方达HenryFonda/马丁·鲍尔萨姆Marti...1957/美国/剧情,218864人评价,31,9.4
鬼子来了,对敌人的仁慈，就是对自己残忍。,导演:姜文WenJiang主演:姜文WenJiang/香川照之TeruyukiKagawa/...2000/中国大陆/剧情历史战争,304745人评价,32,9.2
指环王3：王者无敌,史诗的终章。,导演:彼得·杰克逊PeterJackson主演:维果·莫腾森ViggoMortensen/...2003/美国新西兰/剧情动作奇幻冒险,364940人评价,33,9.1
控方证人,比利·怀德满分作品。,导演:比利·怀尔德BillyWilder主演:查尔斯·劳顿CharlesLaughton/...1957/美国/剧情犯罪悬疑,150344人评价,34,9.6
天空之城,对天空的追逐，永不停止。 ,导演:宫崎骏HayaoMiyazaki主演:田中真弓MayumiTanaka/横泽启子Ke...1986/日本/动画奇幻冒险,426231人评价,35,9.0
搏击俱乐部,邪恶与平庸蛰伏于同一个母体，在特定的时间互相对峙。,导演:大卫·芬奇DavidFincher主演:爱德华·诺顿EdwardNorton/布拉...1999/美国德国/剧情动作悬疑惊悚,480014人评价,36,9.0
飞屋环游记,最后那些最无聊的事情，才是最值得怀念的。 ,导演:彼特·道格特PeteDocter/鲍勃·彼德森BobPeterson主演:爱德...2009/美国/剧情喜剧动画冒险,648377人评价,37,8.9
大话西游之月光宝盒,旷古烁今。,导演:刘镇伟JeffreyLau主演:周星驰StephenChow/吴孟达ManTatNg...1995/香港中国大陆/喜剧爱情奇幻冒险,547072人评价,38,8.9
罗马假日,爱情哪怕只有一天。,导演:威廉·惠勒WilliamWyler主演:奥黛丽·赫本AudreyHepburn/格...1953/美国/喜剧剧情爱情,490279人评价,39,9.0
摔跤吧！爸爸,你不是在为你一个人战斗，你要让千千万万的女性看到女生并不是只能相夫教子。,导演:涅提·蒂瓦里NiteshTiwari主演:阿米尔·汗AamirKhan/法缇玛...2016/印度/剧情传记运动家庭,666010人评价,40,9.1
窃听风暴,别样人生。,导演:弗洛里安·亨克尔·冯·多纳斯马FlorianHenckelvonDonnersmarck...2006/德国/剧情悬疑,291188人评价,41,9.1
哈尔的移动城堡,带着心爱的人在天空飞翔。,导演:宫崎骏HayaoMiyazaki主演:倍赏千惠子ChiekoBaishô/木村拓...2004/日本/动画奇幻冒险,464223人评价,42,8.9
辩护人,电影的现实意义大过电影本身。,导演:杨宇硕Woo-seokYang主演:宋康昊Kang-hoSong/吴达洙Dal-suO...2013/韩国/剧情,288400人评价,43,9.2
闻香识女人,史上最美的探戈。,导演:马丁·布莱斯MartinBrest主演:阿尔·帕西诺AlPacino/克里斯...1992/美国/剧情,416261人评价,44,9.0
两杆大烟枪,4个臭皮匠顶个诸葛亮，盖·里奇果然不是盖的。,导演:GuyRitchie主演:JasonFlemyng/DexterFletcher/NickMoran1998/英国/剧情喜剧犯罪,328715人评价,45,9.1
飞越疯人院,自由万岁。,导演:米洛斯·福尔曼MilošForman主演:杰克·尼科尔森JackNichols...1975/美国/剧情,332650人评价,46,9.0
死亡诗社,当一个死水般的体制内出现一个活跃的变数时，所有的腐臭都站在了光明的对面。,导演:彼得·威尔PeterWeir主演:罗宾·威廉姆斯RobinWilliams/罗伯...1989/美国/剧情,356572人评价,47,9.0
V字仇杀队,一张面具背后的理想与革命。,导演:詹姆斯·麦克特格JamesMcTeigue主演:娜塔莉·波特曼NataliePor...2005/美国英国德国/剧情动作科幻惊悚,540286人评价,48,8.8
指环王2：双塔奇兵,承前启后的史诗篇章。,导演:彼得·杰克逊PeterJackson主演:伊利亚·伍德ElijahWood/西恩...2002/美国新西兰/剧情动作奇幻冒险,342389人评价,49,9.0
海豚湾,海豚的微笑，是世界上最高明的伪装。,导演:LouiePsihoyos主演:JohnChisholm/Mandy-RaeCruikshank/Char...2009/美国/纪录片,218969人评价,50,9.3
教父2,优雅的孤独。,导演:弗朗西斯·福特·科波拉FrancisFordCoppola主演:阿尔·帕西诺A...1974/美国/剧情犯罪,243229人评价,51,9.1
指环王1：魔戒再现,传说的开始。,导演:彼得·杰克逊PeterJackson主演:伊利亚·伍德ElijahWood/西恩...2001/新西兰美国/剧情动作奇幻冒险,383328人评价,52,8.9
饮食男女,人生不能像做菜，把所有的料都准备好了才下锅。,导演:李安AngLee主演:郎雄SihungLung/杨贵媚Kuei-MeiYang/吴...1994/台湾美国/剧情家庭,263528人评价,53,9.1
美丽心灵,爱是一切逻辑和原由。,导演:朗·霍华德RonHoward主演:罗素·克劳RussellCrowe/艾德·哈...2001/美国/传记剧情,379978人评价,54,8.9
素媛,受过伤害的人总是笑得最开心，因为他们不愿意让身边的人承受一样的痛苦。,导演:李濬益Jun-ikLee主演:薛景求Kyung-guSol/严志媛Ji-wonUhm...2013/韩国/剧情,250273人评价,55,9.1
情书,暗恋的极致。,导演:岩井俊二ShunjiIwai主演:中山美穗MihoNakayama/丰川悦司Ets...1995/日本/剧情爱情,470812人评价,56,8.8
狮子王,动物版《哈姆雷特》。,导演:RogerAllers/罗伯·明可夫RobMinkoff主演:乔纳森·泰勒·托马...1994/美国/剧情动画冒险歌舞家庭,361780人评价,57,8.9
末代皇帝,“不要跟我比惨，我比你更惨”再适合这部电影不过了。,导演:贝纳尔多·贝托鲁奇BernardoBertolucci主演:尊龙JohnLone/陈...1987/英国意大利中国大陆法国美国/剧情传记历史,257875人评价,58,9.1
钢琴家,音乐能化解仇恨。,导演:罗曼·波兰斯基RomanPolanski主演:艾德里安·布洛迪AdrienBrod...2002/法国德国英国波兰/剧情传记历史战争音乐,250705人评价,59,9.1
美国往事,往事如烟，无处祭奠。,导演:赛尔乔·莱翁内SergioLeone主演:罗伯特·德尼罗RobertDeNiro...1984/意大利美国/犯罪剧情,215821人评价,60,9.1
小鞋子,奔跑的孩子是天使。,导演:马基德·马基迪MajidMajidi主演:AmirFarrokhHashemian/默罕...1997/伊朗/剧情家庭儿童,182106人评价,61,9.2
七宗罪,警察抓小偷，老鼠玩死猫。,导演:大卫·芬奇DavidFincher主演:摩根·弗里曼MorganFreeman/布...1995/美国/剧情犯罪悬疑惊悚,523563人评价,62,8.8
本杰明·巴顿奇事,在时间之河里感受溺水之苦。,导演:大卫·芬奇DavidFincher主演:凯特·布兰切特CateBlanchett/...2008/美国/剧情爱情奇幻,489374人评价,63,8.8
被嫌弃的松子的一生,以戏谑来戏谑戏谑。,导演:中岛哲也TetsuyaNakashima主演:中谷美纪MikiNakatani/瑛太E...2006/日本/剧情歌舞,378035人评价,64,8.9
致命魔术,孪生蝙蝠侠大战克隆金刚狼。,导演:克里斯托弗·诺兰ChristopherNolan主演:休·杰克曼HughJackman...2006/美国英国/剧情悬疑惊悚,428575人评价,65,8.8
西西里的美丽传说,美丽无罪。,导演:朱塞佩·托纳多雷GiuseppeTornatore主演:莫妮卡·贝鲁奇Monica...2000/意大利美国/剧情战争情色,455915人评价,66,8.8
黑客帝国,视觉革命。,导演:安迪·沃卓斯基AndyWachowski/拉娜·沃卓斯基LanaWachowski主...1999/美国澳大利亚/动作科幻,360250人评价,67,8.9
让子弹飞,你给我翻译翻译，神马叫做TMD的惊喜。,导演:姜文WenJiang主演:姜文WenJiang/葛优YouGe/周润发Yun-F...2010/中国大陆香港/剧情喜剧动作西部,797292人评价,68,8.7
看不见的客人,你以为你以为的就是你以为的。,导演:奥里奥尔·保罗OriolPaulo主演:马里奥·卡萨斯MarioCasas/阿...2016/西班牙/剧情犯罪悬疑惊悚,489803人评价,69,8.7
拯救大兵瑞恩,美利坚精神输出大片No1.,导演:史蒂文·斯皮尔伯格StevenSpielberg主演:汤姆·汉克斯TomHanks...1998/美国/剧情历史战争,308927人评价,70,8.9
天使爱美丽,法式小清新。 ,导演:让-皮埃尔·热内Jean-PierreJeunet主演:奥黛丽·塔图AudreyTau...2001/法国德国/喜剧爱情,580844人评价,71,8.7
音乐之声,用音乐化解仇恨，让歌声串起美好。,导演:RobertWise主演:朱丽·安德鲁斯JulieAndrews/克里斯托弗·普...1965/美国/剧情传记爱情歌舞,286912人评价,72,8.9
低俗小说,故事的高级讲法。,导演:昆汀·塔伦蒂诺QuentinTarantino主演:约翰·特拉沃尔塔JohnTra...1994/美国/剧情喜剧犯罪,419999人评价,73,8.8
大闹天宫,经典之作，历久弥新。,导演:万籁鸣LaimingWan/唐澄ChengTang主演:邱岳峰YuefengQiu/...1961(中国大陆)/1964(中国大陆)/1978(中国大陆)/2004(中国大陆)/中国大陆/动画奇幻,141864人评价,74,9.3
勇敢的心,史诗大片的典范。,导演:梅尔·吉布森MelGibson主演:梅尔·吉布森MelGibson/苏菲·玛...1995/美国/动作传记剧情历史战争,348150人评价,75,8.8
剪刀手爱德华,浪漫忧郁的成人童话。,导演:TimBurton主演:约翰尼·德普JohnnyDepp/薇诺娜·瑞德Winona...1990/美国/剧情奇幻爱情,591511人评价,76,8.7
哈利·波特与魔法石,童话世界的开端。,导演:ChrisColumbus主演:DanielRadcliffe/EmmaWatson/RupertGrint2001/美国英国/奇幻冒险,364779人评价,77,8.8
沉默的羔羊,安东尼·霍普金斯的顶级表演。,导演:乔纳森·戴米JonathanDemme主演:朱迪·福斯特JodieFoster/安...1991/美国/剧情犯罪惊悚,428039人评价,78,8.8
蝴蝶效应,人的命运被自己瞬间的抉择改变。,导演:埃里克·布雷斯EricBress/J·麦基·格鲁伯J.MackyeGruber主...2004/美国加拿大/剧情悬疑科幻惊悚,471292人评价,79,8.7
春光乍泄,爱情纠缠，男女一致。,导演:王家卫KarWaiWong主演:张国荣LeslieCheung/梁朝伟TonyLeu...1997/香港日本韩国/剧情爱情同性,310360人评价,80,8.9
心灵捕手,人生中应该拥有这样的一段豁然开朗。,导演:格斯·范·桑特GusVanSant主演:马特·达蒙MattDamon/罗宾·...1997/美国/剧情,342024人评价,81,8.8
入殓师,死可能是一道门，逝去并不是终结，而是超越，走向下一程。,导演:泷田洋二郎YôjirôTakita主演:本木雅弘MasahiroMotoki/...2008/日本/剧情,366832人评价,82,8.8
猫鼠游戏,骗子大师和执著警探的你追我跑故事。 ,导演:史蒂文·斯皮尔伯格StevenSpielberg主演:莱昂纳多·迪卡普里奥L...2002/美国加拿大/传记犯罪剧情,311668人评价,83,8.8
布达佩斯大饭店,小清新的故事里注入了大历史的情怀。,导演:韦斯·安德森WesAnderson主演:拉尔夫·费因斯RalphFiennes/...2014/美国德国英国/剧情喜剧冒险,412639人评价,84,8.8
禁闭岛,昔日翩翩少年，今日大腹便便。,导演:MartinScorsese主演:莱昂纳多·迪卡普里奥LeonardoDiCaprio/...2010/美国/剧情悬疑惊悚,453483人评价,85,8.7
玛丽和马克思,你是我最好的朋友，你是我唯一的朋友 。,导演:亚当·艾略特AdamElliot主演:托妮·科莱特ToniCollette/菲利...2009/澳大利亚/剧情动画,265392人评价,86,8.9
阳光灿烂的日子,一场华丽的意淫。,导演:姜文WenJiang主演:夏雨YuXia/宁静JingNing/陶虹HongTao1994/中国大陆香港/剧情,334341人评价,87,8.8
幽灵公主,人与自然的战争史诗。,导演:宫崎骏HayaoMiyazaki主演:松田洋治YôjiMatsuda/石田百合...1997/日本/动画奇幻冒险,288108人评价,88,8.8
第六感,深入内心的恐怖，出人意料的结局。,导演:M·奈特·沙马兰M.NightShyamalan主演:布鲁斯·威利斯BruceWi...1999/美国/剧情悬疑惊悚,286370人评价,89,8.8
狩猎,人言可畏。,导演:托马斯·温特伯格ThomasVinterberg主演:麦斯·米科尔森MadsMik...2012/丹麦瑞典/剧情,169226人评价,90,9.1
重庆森林,寂寞没有期限。,导演:王家卫KarWaiWong主演:林青霞BrigitteLin/金城武TakeshiK...1994/香港/剧情爱情,407590人评价,91,8.7
穿条纹睡衣的男孩,尽管有些不切实际的幻想，这部电影依旧是一部感人肺腑的佳作。,导演:马克·赫门MarkHerman主演:阿沙·巴特菲尔德AsaButterfield/...2008/英国美国/剧情战争,200147人评价,92,9.0
致命ID,最不可能的那个人永远是最可能的。,导演:JamesMangold主演:JohnCusack/RayLiotta/AmandaPeet2003/美国/剧情悬疑惊悚,394490人评价,93,8.7
断背山,每个人心中都有一座断背山。,导演:李安AngLee主演:希斯·莱杰HeathLedger/杰克·吉伦哈尔Jake...2005/美国加拿大/剧情爱情同性家庭,391450人评价,94,8.7
加勒比海盗,约翰尼·德普的独角戏。,导演:戈尔·维宾斯基GoreVerbinski主演:约翰尼·德普JohnnyDepp/...2003/美国/动作冒险奇幻,436549人评价,95,8.6
阿凡达,绝对意义上的美轮美奂。,导演:詹姆斯·卡梅隆JamesCameron主演:萨姆·沃辛顿SamWorthington...2009/美国英国/动作战争科幻冒险,653581人评价,96,8.6
摩登时代,大时代中的人生，小人物的悲喜。,导演:查理·卓别林CharlesChaplin主演:查理·卓别林CharlesChaplin...1936/美国/喜剧剧情爱情,118852人评价,97,9.2
大鱼,抱着梦想而活着的人是幸福的，怀抱梦想而死去的人是不朽的。,导演:蒂姆·波顿TimBurton主演:伊万·麦克格雷格EwanMcGregor/阿...2003/美国/剧情家庭奇幻冒险,305125人评价,98,8.7
告白,没有一人完全善，也没有一人完全恶。,导演:中岛哲也TetsuyaNakashima主演:松隆子TakakoMatsu/冈田将生...2010/日本/剧情惊悚,413247人评价,99,8.7
寻梦环游记,死亡不是真的逝去，遗忘才是永恒的消亡。,导演:李·昂克里奇LeeUnkrich/阿德里安·莫利纳AdrianMolina主演:...2017/美国/喜剧动画奇幻音乐,619678人评价,100,9.0
一一,我们都曾经是一一。,导演:杨德昌EdwardYang主演:吴念真/李凯莉KellyLee/金燕玲Elai...2000/台湾日本/剧情爱情家庭,186385人评价,101,9.0
射雕英雄传之东成西就,百看不厌。 ,导演:刘镇伟JeffreyLau主演:梁朝伟TonyLeungChiuWai/林青霞Bri...1993/香港/喜剧古装,333098人评价,102,8.7
甜蜜蜜,相逢只要一瞬间，等待却像是一辈子。,导演:陈可辛PeterChan主演:黎明LeonLai/张曼玉MaggieCheung/...1996/香港/剧情爱情,273280人评价,103,8.8
阳光姐妹淘,再多各自牛逼的时光，也比不上一起傻逼的岁月。 ,导演:姜炯哲Hyeong-CheolKang主演:沈恩京Eun-kyungShim/闵孝琳Hy...2011/韩国/剧情喜剧,328175人评价,104,8.8
消失的爱人,年度最佳date movie。,导演:大卫·芬奇DavidFincher主演:本·阿弗莱克BenAffleck/罗莎蒙...2014/美国/剧情犯罪悬疑惊悚,446070人评价,105,8.7
爱在黎明破晓前,缘分是个连绵词，最美不过一瞬。,导演:理查德·林克莱特RichardLinklater主演:伊桑·霍克EthanHawke...1995/美国奥地利瑞士/剧情爱情,273738人评价,106,8.7
上帝之城,被上帝抛弃了的上帝之城。,导演:KátiaLund/FernandoMeirelles主演:AlexandreRodrigues/Lea...2002/巴西法国/犯罪剧情,181194人评价,107,8.9
喜剧之王,我是一个演员。,导演:周星驰StephenChow/李力持Lik-ChiLee主演:周星驰StephenCh...1999/香港/喜剧剧情爱情,406064人评价,108,8.6
小森林 夏秋篇,那些静得只能听见呼吸的日子里，你明白孤独即生活。,导演:森淳一JunichiMori主演:桥本爱AiHashimoto/三浦贵大Takahir...2014/日本/剧情,180547人评价,109,8.9
侧耳倾听,少女情怀总是诗。,导演:近藤喜文YoshifumiKondo主演:本名阳子YoukoHonna/小林桂树K...1995/日本/剧情爱情动画,213846人评价,110,8.8
风之谷,动画片的圣经。,导演:宫崎骏HayaoMiyazaki主演:岛本须美SumiShimamoto/松田洋治Y...1984/日本/动画奇幻冒险,213411人评价,111,8.8
恐怖直播,恐怖分子的“秋菊打官司”。,导演:金秉祐Byeong-wooKim主演:河正宇Jung-wooHa/李璟荣Kyeong-y...2013/韩国/剧情犯罪悬疑,290763人评价,112,8.7
倩女幽魂,两张绝世的脸。 ,导演:程小东Siu-TungChing主演:张国荣LeslieCheung/王祖贤JoeyW...1987/香港/剧情爱情武侠古装,329798人评价,113,8.7
超脱,穷尽一生，我们要学会的，不过是彼此拥抱。,导演:托尼·凯耶TonyKaye主演:艾德里安·布洛迪AdrienBrody/马西...2011/美国/剧情,218403人评价,114,8.8
红辣椒,梦的勾结。,导演:今敏SatoshiKon主演:林原惠美MegumiHayashibara/古谷彻T...2006/日本/动画悬疑科幻惊悚,172266人评价,115,8.9
爱在日落黄昏时,九年后的重逢是世俗和责任的交叠，没了悸动和青涩，沧桑而温暖。,导演:理查德·林克莱特RichardLinklater主演:伊桑·霍克EthanHawke...2004/美国/剧情爱情,241453人评价,116,8.8
菊次郎的夏天,从没见过那么流氓的温柔，从没见过那么温柔的流氓。,导演:北野武TakeshiKitano主演:北野武TakeshiKitano/关口雄介Yus...1999/日本/剧情喜剧,233894人评价,117,8.8
驯龙高手,和谐的生活离不开摸头与被摸头。,导演:迪恩·德布洛斯DeanDeBlois/克里斯·桑德斯ChrisSanders主演:...2010/美国/喜剧动画奇幻冒险,353972人评价,118,8.7
幸福终点站,有时候幸福需要等一等。 ,导演:史蒂文·斯皮尔伯格StevenSpielberg主演:汤姆·汉克斯TomHanks...2004/美国/喜剧剧情爱情,269895人评价,119,8.7
神偷奶爸,Mr. I Don't Care其实也有Care的时候。,导演:皮艾尔·柯芬PierreCoffin/克里斯·雷纳德ChrisRenaud主演:...2010/美国法国/喜剧动画冒险,477740人评价,120,8.5
借东西的小人阿莉埃蒂,曾经的那段美好会沉淀为一辈子的记忆。,导演:米林宏昌HiromasaYonebayashi主演:志田未来MiraiShida/神木...2010/日本/动画奇幻冒险,264041人评价,121,8.7
杀人回忆,关于连环杀人悬案的集体回忆。,导演:奉俊昊Joon-hoBong主演:宋康昊Kang-hoSong/金相庆Sang-kyun...2003/韩国/犯罪剧情悬疑惊悚,255236人评价,122,8.7
请以你的名字呼唤我,沉醉在电影的情感和视听氛围中无法自拔。,导演:卢卡·圭达尼诺LucaGuadagnino主演:蒂莫西·柴勒梅德Timothée...2017/意大利法国巴西美国/剧情爱情同性,246717人评价,123,8.8
哈利·波特与死亡圣器(下),10年的完美句点。,导演:大卫·叶茨DavidYates主演:丹尼尔·雷德克里夫DanielRadcliffe...2011/美国英国/剧情悬疑奇幻冒险,342480人评价,124,8.7
七武士,时代悲歌。,导演:黑泽明AkiraKurosawa主演:三船敏郎ToshirôMifune/志村乔...1954/日本/动作冒险剧情,95166人评价,125,9.2
岁月神偷,岁月流逝，来日可追。,导演:罗启锐AlexLaw主演:吴君如SandraNg/任达华SimonYam/钟绍...2010/香港中国大陆/剧情家庭,354867人评价,126,8.6
小森林 冬春篇,尊敬他人，尊敬你生活的这片土地，明白孤独是人生的常态。,导演:森淳一JunichiMori主演:桥本爱AiHashimoto/三浦贵大Takahir...2015/日本/剧情,156590人评价,127,9.0
怪兽电力公司,不要给它起名字，起了名字就有感情了。,导演:彼特·道格特PeteDocter/大卫·斯沃曼DavidSilverman主演:约...2001/美国/儿童喜剧动画奇幻冒险,304292人评价,128,8.6
萤火虫之墓,幸福是生生不息，却难以触及的远。 ,导演:高畑勋IsaoTakahata主演:辰己努/白石绫乃/志乃原良子1988/日本/动画剧情战争,240983人评价,129,8.7
谍影重重3,像吃了苏打饼一样干脆的电影。,导演:保罗·格林格拉斯PaulGreengrass主演:马特·达蒙MattDamon/...2007/美国德国/动作悬疑惊悚,219976人评价,130,8.7
电锯惊魂,真相就在眼前。,导演:詹姆斯·温JamesWan主演:雷·沃纳尔LeighWhannell/加利·艾...2004/美国/悬疑惊悚恐怖,240078人评价,131,8.7
7号房的礼物,《我是山姆》的《美丽人生》。,导演:李焕庆Hwan-kyeongLee主演:柳承龙Seung-yongRyoo/朴信惠Shi...2013/韩国/剧情喜剧家庭,223980人评价,132,8.7
东邪西毒,电影诗。,导演:王家卫KarWaiWong主演:张国荣LeslieCheung/林青霞Brigitte...1994/香港台湾/剧情动作爱情武侠古装,309305人评价,133,8.6
喜宴,中国家庭的喜怒哀乐忍。,导演:李安AngLee主演:赵文瑄WinstonChao/郎雄SihungLung/归亚...1993/台湾美国/剧情喜剧爱情同性家庭,169514人评价,134,8.8
疯狂原始人,老少皆宜，这就是好莱坞动画的魅力。,导演:科克·德·米科KirkDeMicco/克里斯·桑德斯ChrisSanders主演...2013/美国/喜剧动画冒险,444923人评价,135,8.7
贫民窟的百万富翁,上帝之城+猜火车+阿甘正传+开心辞典=山寨富翁,导演:丹尼·鲍尔DannyBoyle/洛芙琳·坦丹LoveleenTandan主演:戴夫...2008/英国美国/剧情爱情,451151人评价,136,8.5
萤火之森,触不到的恋人。,导演:大森贵弘TakahiroOmori主演:佐仓绫音AyaneSakura/内山昂辉K...2011/日本/剧情爱情动画奇幻,206716人评价,137,8.8
记忆碎片,一个针管引发的血案。,导演:克里斯托弗·诺兰ChristopherNolan主演:盖·皮尔斯GuyPearce/...2000/美国/犯罪剧情悬疑惊悚,330758人评价,138,8.6
黑天鹅,黑暗之美。,导演:达伦·阿罗诺夫斯基DarrenAronofsky主演:娜塔莉·波特曼Natalie...2010/美国/剧情惊悚,488634人评价,139,8.5
真爱至上,爱，是个动词。,导演:理查德·柯蒂斯RichardCurtis主演:休·格兰特HughGrant/柯林...2003/英国美国法国/喜剧剧情爱情,368598人评价,140,8.5
超能陆战队,Balalala~~~,导演:唐·霍尔DonHall/克里斯·威廉姆斯ChrisWilliams主演:斯科特...2014/美国/喜剧动作科幻动画冒险,465456人评价,141,8.6
英雄本色,英雄泪短，兄弟情长。 ,导演:吴宇森JohnWoo主演:周润发Yun-FatChow/狄龙LungTi/张国...1986/香港/动作犯罪,222245人评价,142,8.6
唐伯虎点秋香,华太师是黄霑，吴镇宇四大才子之一。,导演:李力持Lik-ChiLee主演:周星驰StephenChow/巩俐LiGong/陈...1993/香港/喜剧爱情古装,434256人评价,143,8.5
蝙蝠侠：黑暗骑士崛起,诺兰就是保证。,导演:克里斯托弗·诺兰ChristopherNolan主演:克里斯蒂安·贝尔Christ...2012/美国英国/剧情动作科幻犯罪惊悚,354029人评价,144,8.6
雨人,生活在自己的世界里，也可以让周围的人显得可笑和渺小。,导演:巴瑞·莱文森BarryLevinson主演:达斯汀·霍夫曼DustinHoffman...1988/美国/剧情,239517人评价,145,8.7
心迷宫,荒诞讽刺，千奇百巧，抽丝剥茧，百转千回。,导演:忻钰坤YukunXin主演:霍卫民WeiminHuo/王笑天XiaotianWang...2014/中国大陆/剧情犯罪悬疑,230174人评价,146,8.7
卢旺达饭店,当这个世界闭上双眼，他却敞开了怀抱。,导演:特瑞·乔治TerryGeorge主演:唐·钱德尔DonCheadle/苏菲·奥...2004/英国南非意大利美国/剧情历史战争,143753人评价,147,8.9
傲慢与偏见,爱是摈弃傲慢与偏见之后的曙光。,导演:乔·怀特JoeWright主演:凯拉·奈特莉KeiraKnightley/马修·...2005/法国英国美国/剧情爱情,367262人评价,148,8.5
荒蛮故事,始于荒诞，止于更荒诞。,导演:达米安·斯兹弗隆DamiánSzifron主演:达里奥·葛兰帝内提Darío...2014/阿根廷西班牙/剧情喜剧犯罪,184534人评价,149,8.8
海洋,大海啊，不全是水。,导演:雅克·贝汉JacquesPerrin/雅克·克鲁奥德JacquesCluzaud主演:...2009/法国瑞士西班牙美国阿联酋/纪录片,108301人评价,150,9.0
纵横四海,香港浪漫主义警匪动作片的巅峰之作。,导演:吴宇森JohnWoo主演:周润发Yun-FatChow/张国荣LeslieCheung...1991/香港/剧情喜剧动作犯罪,187224人评价,151,8.7
无人知晓,我的平常生活就是他人的幸福。,导演:是枝裕和HirokazuKoreeda主演:柳乐优弥YûyaYagira/北浦爱...2004/日本/剧情,96974人评价,152,9.1
时空恋旅人,把每天当作最后一天般珍惜度过，积极拥抱生活，就是幸福。,导演:理查德·柯蒂斯RichardCurtis主演:多姆纳尔·格利森DomhnallGl...2013/英国/剧情爱情奇幻,252735人评价,153,8.7
海边的曼彻斯特,我们都有权利不与自己的过去和解。,导演:肯尼斯·罗纳根KennethLonergan主演:卡西·阿弗莱克CaseyAffle...2016/美国/剧情家庭,252183人评价,154,8.6
教父3,任何信念的力量，都无法改变命运。,导演:弗朗西斯·福特·科波拉FrancisFordCoppola主演:阿尔·帕西诺A...1990/美国/剧情犯罪,160765人评价,155,8.8
玩具总动员3,跨度十五年的欢乐与泪水。,导演:李·昂克里奇LeeUnkrich主演:汤姆·汉克斯TomHanks/蒂姆·艾...2010/美国/喜剧动画奇幻冒险,230103人评价,156,8.8
完美的世界,坏人的好总是比好人的好来得更感人。,导演:克林特·伊斯特伍德ClintEastwood主演:凯文·科斯特纳KevinCos...1993/美国/剧情犯罪,100889人评价,157,9.0
花样年华,偷情本没有这样美。,导演:王家卫KarWaiWong主演:梁朝伟TonyLeungChiuWai/张曼玉Ma...2000/香港/剧情爱情,294271人评价,158,8.6
虎口脱险,永远看不腻的喜剧。,导演:杰拉尔·乌里GérardOury主演:路易·德·菲耐斯LouisdeFunès...1966/法国英国/喜剧战争,124321人评价,159,8.9
血战钢锯岭,优秀的战争片不会美化战场，不会粉饰死亡，不会矮化敌人，不会无视常识，最重要的，不会宣扬战争。,导演:梅尔·吉布森MelGibson主演:安德鲁·加菲尔德AndrewGarfield/...2016/美国澳大利亚/剧情传记历史战争,396648人评价,160,8.7
达拉斯买家俱乐部,Jared Leto的腿比女人还美！,导演:让-马克·瓦雷Jean-MarcVallée主演:马修·麦康纳MatthewMcCon...2013/美国/剧情传记同性,227369人评价,161,8.7
恋恋笔记本,爱情没有那么多借口，如果不能圆满，只能说明爱的不够。 ,导演:尼克·卡索维茨NickCassavetes主演:瑞恩·高斯林RyanGosling/...2004/美国/剧情爱情,337641人评价,162,8.5
燃情岁月,传奇，不是每个人都可以拥有。,导演:爱德华·兹威克EdwardZwick主演:安东尼·霍普金斯AnthonyHopki...1994/美国/剧情爱情西部家庭,167698人评价,163,8.7
二十二,有一些东西不应该被遗忘。,导演:郭柯KeGuo主演:2015/中国大陆/纪录片,136484人评价,164,8.7
雨中曲,骨灰级歌舞片。,导演:StanleyDonen/GeneKelly主演:GeneKelly/DonaldO'Connor/...1952/美国/喜剧歌舞爱情,108570人评价,165,9.0
冰川时代,松鼠才是角儿。,导演:卡洛斯·沙尔丹哈CarlosSaldanha/克里斯·韦奇ChrisWedge主演...2002/美国/喜剧动画冒险,327075人评价,166,8.5
魂断蓝桥,中国式内在的美国电影。,导演:MervynLeRoy主演:VivienLeigh/RobertTaylor/LucileWatson1940/美国/剧情战争爱情,148559人评价,167,8.8
我是山姆,爱并不需要智商 。,导演:杰茜·尼尔森JessieNelson主演:SeanPenn/DakotaFanning/Mi...2001/美国/剧情家庭,127965人评价,168,8.8
穿越时空的少女,爱上未来的你。 ,导演:细田守MamoruHosoda主演:仲里依纱RiisaNaka/石田卓也Takuya...2006/日本/剧情爱情科幻动画,217153人评价,169,8.6
猜火车,不可猜的青春迷笛。 ,导演:丹尼·博伊尔DannyBoyle主演:伊万·麦克格雷格EwanMcGregor/...1996/英国/犯罪剧情,281462人评价,170,8.5
人工智能,对爱的执着，可以超越一切。,导演:史蒂文·斯皮尔伯格StevenSpielberg主演:海利·乔·奥斯蒙Haley...2001/美国/冒险剧情科幻,225807人评价,171,8.6
头脑特工队,愿我们都不用长大，每一座城堡都能永远存在。,导演:彼特·道格特PeteDocter/罗纳尔多·德尔·卡门RonaldoDelCarmen&nb...2015/美国/喜剧动画冒险,285263人评价,172,8.7
被解救的姜戈,热血沸腾，那个低俗、性感的无耻混蛋又来了。,导演:昆汀·塔伦蒂诺QuentinTarantino主演:杰米·福克斯JamieFoxx/...2012/美国/剧情动作西部冒险,306581人评价,173,8.6
爆裂鼓手,这个世界从不善待努力的人，努力了也不一定会成功，但是知道自己在努力，就是活下去的动力。,导演:达米安·沙泽勒DamienChazelle主演:迈尔斯·特勒MilesTeller/...2014/美国/剧情音乐,282488人评价,174,8.6
未麻的部屋,好的剧本是，就算你猜到了结局也猜不到全部。,导演:今敏SatoshiKon主演:岩男润子JunkoIwao/松本梨香RicaMatsu...1997/日本/动画奇幻惊悚,121916人评价,175,8.9
你的名字。,穿越错位的时空，仰望陨落的星辰，你没留下你的名字，我却无法忘记那句“我爱你”。,导演:新海诚MakotoShinkai主演:神木隆之介RyûnosukeKamiki/上...2016/日本/剧情爱情动画,608154人评价,176,8.4
无敌破坏王,迪士尼和皮克斯拿错剧本的产物。,导演:瑞奇·莫尔RichMoore主演:约翰·C·赖利JohnC.Reilly/萨拉...2012/美国/喜剧动画奇幻冒险,247220人评价,177,8.7
罗生门,人生的N种可能性。,导演:黑泽明AkiraKurosawa主演:三船敏郎ToshirôMifune/千秋实...1950/日本/犯罪剧情悬疑,152377人评价,178,8.7
浪潮,世界离独裁只有五天。,导演:丹尼斯·甘塞尔DennisGansel主演:尤尔根·沃格尔JürgenVogel...2008/德国/剧情惊悚,154936人评价,179,8.7
阿飞正传,王家卫是一种风格，张国荣是一个代表。,导演:王家卫KarWaiWong主演:张国荣LeslieCheung/张曼玉MaggieC...1990/香港/犯罪剧情爱情,252207人评价,180,8.5
香水,一个单凭体香达到高潮的男人。,导演:汤姆·提克威TomTykwer主演:本·卫肖BenWhishaw/艾伦·瑞克...2006/德国法国西班牙美国/剧情犯罪奇幻,321643人评价,181,8.4
朗读者,当爱情跨越年龄的界限，它似乎能变得更久远一点，成为一种责任，一种水到渠成的相濡以沫。 ,导演:史蒂芬·戴德利StephenDaldry主演:凯特·温丝莱特KateWinslet...2008/美国德国/剧情爱情,309271人评价,182,8.5
房间,被偷走的岁月，被伤害的生命，被禁锢的灵魂，终将被希望和善意救赎。,导演:伦尼·阿伯拉罕森LennyAbrahamson主演:布丽·拉尔森BrieLarson...2015/爱尔兰加拿大英国美国/剧情家庭,193128人评价,183,8.8
模仿游戏,他给机器起名“克里斯托弗”，因为这是他初恋的名字。,导演:莫腾·泰杜姆MortenTyldum主演:本尼迪克特·康伯巴奇BenedictC...2014/英国美国/剧情传记战争同性,307086人评价,184,8.6
恐怖游轮,不要企图在重复中寻找已经失去的爱。,导演:克里斯托弗·史密斯ChristopherSmith主演:梅利莎·乔治Melissa...2009/英国澳大利亚/剧情悬疑惊悚,391488人评价,185,8.4
一个叫欧维的男人决定去死,惠及一生的美丽。,导演:汉内斯·赫尔姆HannesHolm主演:罗夫·拉斯加德RolfLassgård...2015/瑞典/剧情,157834人评价,186,8.8
可可西里,坚硬的信仰。,导演:陆川ChuanLu主演:多布杰Duobujie/张磊LeiZhang/亓亮QiL...2004/中国大陆香港/剧情犯罪,152194人评价,187,8.7
忠犬八公物语,养狗三日，便会对你终其一生。,导演:SeijirôKôyama主演:山本圭KeiYamamoto/井川比佐志Hisa...1987/日本/剧情,77747人评价,188,9.1
魔女宅急便,宫崎骏的电影总让人感觉世界是美好的，阳光明媚的。,导演:宫崎骏HayaoMiyazaki主演:高山南MinamiTakayama/佐久间玲Re...1989/日本/动画奇幻冒险,236234人评价,189,8.5
战争之王,做一颗让别人需要你的棋子。,导演:安德鲁·尼科尔AndrewNiccol主演:尼古拉斯·凯奇NicolasCage/...2005/美国法国/剧情犯罪,199834人评价,190,8.6
一次别离,只有有信仰的人才能说出事实真相。,导演:阿斯哈·法哈蒂AsgharFarhadi主演:佩曼·莫阿迪PeymanMoadi/...2011/伊朗法国/剧情家庭,152521人评价,191,8.7
哪吒闹海,想你时你在闹海。,导演:严定宪DingxianYan/王树忱ShuchenWang主演:梁正晖Zhenghui...1979/中国大陆/冒险动画奇幻,101118人评价,192,8.9
完美陌生人,来啊，互相伤害啊！,导演:保罗·格诺维瑟PaoloGenovese主演:马可·贾利尼MarcoGiallini...2016/意大利/剧情喜剧,260278人评价,193,8.6
谍影重重,哗啦啦啦啦，天在下雨，哗啦啦啦啦，云在哭泣……找自己。,导演:道格·里曼DougLiman主演:马特·达蒙MattDamon/弗兰卡·波坦...2002/美国德国捷克/动作悬疑惊悚,227842人评价,194,8.5
追随,诺兰的牛逼来源于内心散发出的恐惧。,导演:克里斯托弗·诺兰ChristopherNolan主演:杰里米·西奥伯德Jeremy...1998/英国/犯罪悬疑惊悚,95691人评价,195,8.9
谍影重重2,谁说王家卫镜头很晃？,导演:保罗·格林格拉斯PaulGreengrass主演:马特·达蒙MattDamon/...2004/美国德国/动作悬疑惊悚,189862人评价,196,8.6
地球上的星星,天使保护事件始末。,导演:阿米尔·汗AamirKhan主演:达席尔·萨法瑞DarsheelSafary/阿...2007/印度/剧情儿童家庭,102167人评价,197,8.9
牯岭街少年杀人事件,弱者送给弱者的一刀。,导演:杨德昌EdwardYang主演:张震ChenChang/杨静怡LisaYang/张...1991/台湾/剧情犯罪,128312人评价,198,8.8
撞车,天使与魔鬼的冲撞。,导演:保罗·哈吉斯PaulHaggis主演:桑德拉·布洛克SandraBullock/...2004/美国德国/犯罪剧情,198661人评价,199,8.6
黑客帝国3：矩阵革命,不得不说，《黑客帝国》系列是商业片与科幻、哲学完美结合的典范。,导演:AndyWachowski/LarryWachowski主演:KeanuReeves/LaurenceF...2003/美国澳大利亚/动作科幻,188766人评价,200,8.6
惊魂记,故事的反转与反转，分裂电影的始祖。,导演:AlfredHitchcock主演:JanetLeigh/AnthonyPerkins/VeraMiles1960/美国/悬疑惊悚恐怖,102228人评价,201,8.9
青蛇,人生如此，浮生如斯。谁人言，花彼岸，此生情长意短。谁都是不懂爱的罢了。,导演:徐克HarkTsui主演:张曼玉MaggieCheung/王祖贤JoeyWang/...1993/香港/剧情奇幻古装,265427人评价,202,8.5
梦之安魂曲,一场没有春天的噩梦。,导演:达伦·阿伦诺夫斯基DarrenAronofsky主演:艾伦·伯斯汀EllenBur...2000/美国/剧情,129553人评价,203,8.7
海街日记,是枝裕和的家庭习作。,导演:是枝裕和HirokazuKoreeda主演:绫濑遥HarukaAyase/长泽雅美M...2015/日本/剧情家庭,172305人评价,204,8.7
小萝莉的猴神大叔,宝莱坞的萝莉与大叔。,导演:卡比尔·汗KabirKhan主演:萨尔曼·汗SalmanKhan/哈莎莉·马...2015/印度/剧情喜剧动作,214380人评价,205,8.5
再次出发之纽约遇见你,爱我就给我看你的播放列表。,导演:约翰·卡尼JohnCarney主演:凯拉·奈特莉KeiraKnightley/马克...2013/美国/喜剧爱情音乐,209136人评价,206,8.5
新龙门客栈,嬉笑怒骂，调风动月。,导演:李惠民RaymondLee主演:张曼玉MaggieCheung/林青霞Brigitte...1992/香港中国大陆/剧情动作武侠古装,221896人评价,207,8.5
步履不停,日本的家庭电影已经是世界巅峰了，步履不停是巅峰中的佳作。,导演:是枝裕和HirokazuKoreeda主演:阿部宽HiroshiAbe/夏川结衣Yu...2008/日本/剧情家庭,110323人评价,208,8.8
源代码,邓肯·琼斯继《月球》之后再度奉献出一部精彩绝伦的科幻佳作。,导演:邓肯·琼斯DuncanJones主演:杰克·吉伦哈尔JakeGyllenhaal/...2011/美国加拿大/科幻悬疑惊悚,465468人评价,209,8.4
终结者2：审判日,少见的超越首部的续集，动作片中的经典。,导演:詹姆斯·卡梅隆JamesCameron主演:阿诺·施瓦辛格ArnoldSchwarz...1991/美国法国/动作科幻,167836人评价,210,8.6
东京物语,东京那么大，如果有一天走失了，恐怕一辈子不能再相见。,导演:小津安二郎YasujirôOzu主演:笠智众ChishûRyû/原节...1953/日本/剧情家庭,62080人评价,211,9.2
初恋这件小事,黑小鸭速效美白记。,导演:普特鹏·普罗萨卡·那·萨克那卡林PuttipongPromsakaNaSakolnakorn/华森·波克彭...2010/泰国/剧情喜剧爱情,543967人评价,212,8.3
疯狂的石头,中国版《两杆大烟枪》。,导演:宁浩HaoNing主演:郭涛TaoGuo/刘桦HuaLiu/连晋TeddyLin2006/中国大陆香港/喜剧犯罪,379885人评价,213,8.3
城市之光,永远的小人物，伟大的卓别林。,导演:CharlesChaplin主演:查理·卓别林CharlesChaplin/弗吉尼亚·...1931/美国/喜剧剧情爱情,54929人评价,214,9.2
绿里奇迹,天使暂时离开。,导演:FrankDarabont主演:汤姆·汉克斯TomHanks/大卫·摩斯DavidM...1999/美国/犯罪剧情奇幻悬疑,125777人评价,215,8.7
爱在午夜降临前,所谓爱情，就是话唠一路，都不会心生腻烦，彼此嫌弃。,导演:理查德·林克莱特RichardLinklater主演:伊桑·霍克EthanHawke...2013/美国/剧情爱情,140393人评价,216,8.8
无耻混蛋,昆汀同学越来越变态了，比北野武还杜琪峰。,导演:QuentinTarantino主演:布拉德·皮特BradPitt/梅拉尼·罗兰M...2009/美国德国/剧情犯罪,258185人评价,217,8.5
末路狂花,没有了退路，只好飞向自由。,导演:雷德利·斯科特RidleyScott主演:吉娜·戴维斯GeenaDavis/苏...1991/美国法国/犯罪剧情惊悚,121908人评价,218,8.7
这个男人来自地球,科幻真正的魅力不是视觉效果能取代的。 ,导演:理查德·沙因克曼RichardSchenkman主演:大卫·李·史密斯David...2007/美国/剧情科幻,214048人评价,219,8.5
秒速5厘米,青春就是放弃和怀念。,导演:新海诚MakotoShinkai主演:水桥研二KenjiMizuhashi/近藤好美...2007/日本/动画剧情爱情,357245人评价,220,8.3
勇闯夺命岛,类型片的极致。 ,导演:迈克尔·贝MichaelBay主演:肖恩·康纳利SeanConnery/尼古拉...1996/美国/动作冒险,162640人评价,221,8.6
E.T. 外星人,生病的E.T.皮肤的颜色就像柿子饼。,导演:StevenSpielberg主演:HenryThomas/DeeWallace/RobertMacNa...1982/美国/剧情科幻,182057人评价,222,8.5
变脸,当发哥的风衣、墨镜出现在了凯奇身上⋯⋯,导演:吴宇森JohnWoo主演:约翰·特拉沃尔塔JohnTravolta/尼古拉斯...1997/美国/动作科幻犯罪惊悚,244611人评价,223,8.4
彗星来的那一夜,小成本大魅力。,导演:詹姆斯·沃德·布柯特JamesWardByrkit主演:艾米丽·芭尔多尼Em...2013/美国英国/科幻悬疑惊悚,226108人评价,224,8.4
碧海蓝天,在那片深蓝中，感受来自大海的忧伤寂寞与美丽自由。,导演:LucBesson主演:让-马克·巴尔Jean-MarcBarr/让·雷诺JeanRe...1988/法国美国意大利/剧情爱情,116331人评价,225,8.7
卡萨布兰卡,世界上有那么多女人那么多酒馆，但她偏偏走进我的这家。,导演:MichaelCurtiz主演:亨弗莱·鲍嘉HumphreyBogart/英格丽·褒曼...1942/美国/剧情爱情战争,142983人评价,226,8.6
黄金三镖客,最棒的西部片。,导演:SergioLeone主演:ClintEastwood/EliWallach/LeeVanCleef1966/意大利西班牙西德/冒险西部,61443人评价,227,9.1
发条橙,我完全康复了。,导演:StanleyKubrick主演:MalcolmMcDowell/PatrickMagee/Michael...1971/英国美国/犯罪剧情科幻,211258人评价,228,8.5
聚焦,新闻人的理性求真。,导演:托马斯·麦卡锡ThomasMcCarthy主演:马克·鲁弗洛MarkRuffalo/...2015/美国/剧情传记,151596人评价,229,8.8
血钻,每个美丽事物背后都是滴血的现实。,导演:爱德华·兹威克EdwardZwick主演:莱昂纳多·迪卡普里奥Leonardo...2006/美国德国/剧情惊悚冒险,161311人评价,230,8.6
美国丽人,每个人的内心都是深不可测的大海。 ,导演:萨姆·门德斯SamMendes主演:凯文·史派西KevinSpacey/安妮特...1999/美国/剧情爱情家庭,212423人评价,231,8.5
国王的演讲,皇上无话儿。,导演:汤姆·霍珀TomHooper主演:柯林·菲尔斯ColinFirth/杰弗里·...2010/英国澳大利亚美国/剧情传记历史,390275人评价,232,8.3
海盗电台,生命不止，摇滚不死。,导演:理查德·柯蒂斯RichardCurtis主演:比尔·奈伊BillNighy/肯尼...2009/英国德国法国/剧情喜剧音乐,182312人评价,233,8.6
非常嫌疑犯,我不信仰上帝，但我敬畏上帝。,导演:布莱恩·辛格BryanSinger主演:史蒂芬·鲍德温StephenBaldwin/...1995/德国美国/剧情犯罪悬疑惊悚,139394人评价,234,8.6
荒野生存,出门必备：本草纲目。,导演:西恩·潘SeanPenn主演:埃米尔·赫斯基EmileHirsch/马西娅·...2007/美国/冒险传记剧情,146192人评价,235,8.6
黑鹰坠落,还原真实而残酷的战争。,导演:雷德利·斯科特RidleyScott主演:乔什·哈奈特JoshHartnett/...2001/美国/动作历史战争,141317人评价,236,8.6
我爱你,你要相信，这世上真的有爱存在，不管在什么年纪 ,导演:秋昌民Chang-minChoo主演:宋在河Jae-hoSong/李顺载Soon-jae...2011/韩国/剧情爱情,70826人评价,237,9.0
千钧一发,一部能引人思考的科幻励志片。,导演:安德鲁·尼科尔AndrewNiccol主演:伊桑·霍克EthanHawke/乌玛...1997/美国/剧情科幻惊悚,107801人评价,238,8.7
英国病人,"In memory, love lives forever...",导演:安东尼·明格拉AnthonyMinghella主演:拉尔夫·费因斯RalphFien...1996/美国英国/爱情剧情战争,193995人评价,239,8.5
天书奇谭,传奇的年代，醉人的童话。,导演:王树忱ShuchenWang/钱运达YundaQian主演:丁建华JianhuaDin...1983/中国大陆/动画,61107人评价,240,9.1
遗愿清单,用剩余不多的时间，去燃烧整个生命。,导演:罗伯·莱纳RobReiner主演:杰克·尼科尔森JackNicholson/摩根...2007/美国/冒险喜剧剧情,156699人评价,241,8.5
2001太空漫游,现代科幻电影的开山之作，最伟大导演的最伟大影片。,导演:斯坦利·库布里克StanleyKubrick主演:凯尔·杜拉KeirDullea/...1968/英国美国/科幻惊悚冒险,116059人评价,242,8.7
荒岛余生,一个人的独角戏。,导演:罗伯特·泽米吉斯RobertZemeckis主演:汤姆·汉克斯TomHanks/...2000/美国/冒险剧情,159969人评价,243,8.5
迁徙的鸟,最美的飞翔。,导演:雅克·贝汉JacquesPerrin/雅克·克鲁奥德JacquesCluzaud主演:...2001/法国德国意大利西班牙瑞士/纪录片,57027人评价,244,9.1
勇士,热血沸腾，相当完美的娱乐拳击大餐。,导演:加文·欧康诺GavinO'Connor主演:汤姆·哈迪TomHardy/乔尔·...2011/美国/剧情运动家庭,98352人评价,245,8.9
枪火,一群演技精湛的戏骨，奉献出一个精致的黑帮小品，成就杜琪峰群戏的巅峰之作。,导演:杜琪峰JohnnieTo主演:吴镇宇FrancisNg/任达华SimonYam/...1999/香港/剧情动作犯罪,116431人评价,246,8.7
海蒂和爷爷,,导演:阿兰·葛斯彭纳AlainGsponer主演:阿努克·斯特芬AnukSteffen/...2015/德国瑞士南非/剧情冒险家庭,66982人评价,247,9.0
叫我第一名,乐观比一切都有力量。,导演:彼得·维纳PeterWerner主演:詹姆斯·沃克JamesWolk/特里特·...2008/美国/剧情传记,122672人评价,248,8.6
燕尾蝶,现实与童话交相辉映的旅程。,导演:岩井俊二ShunjiIwai主演:恰拉Chara/伊藤步AyumiIto/三上...1996/日本/犯罪剧情,117078人评价,249,8.6
穆赫兰道,大卫·林奇的梦境迷宫。,导演:大卫·林奇DavidLynch主演:娜奥米·沃茨NaomiWatts/劳拉·哈...2001/法国美国/剧情悬疑惊悚,266110人评价,250,8.3
