{"url": "http://www.imooc.com/learn/9", "img_url": "http//img1.mukewang.com/529dc3380001379906000338-240-135.jpg", "description": "HTML+CSS基础教程8小时带领大家步步深入学习标签用法和意义", "student": "979997", "title": "初识HTML+CSS"},
{"url": "http://www.imooc.com/learn/85", "img_url": "http//img1.mukewang.com/57035ff200014b8a06000338-240-135.jpg", "description": "本教程从Java环境搭建、工具使用、基础语法开始，带你入门", "student": "920371", "title": "Java入门第一季"},
{"url": "http://www.imooc.com/learn/249", "img_url": "http//img4.mukewang.com/574669dc0001993606000338-240-135.jpg", "description": "C语言入门视频教程，带你进入编程世界的必修课-C语言", "student": "686572", "title": "C语言入门"},
{"url": "http://www.imooc.com/learn/36", "img_url": "http//img1.mukewang.com/53e1d0470001ad1e06000338-240-135.jpg", "description": "JavaScript做为一名Web工程师的必备技术，本教程让您快速入门", "student": "617368", "title": "JavaScript入门篇"},
{"url": "http://www.imooc.com/learn/177", "img_url": "http//img.mukewang.com/540e57300001d6d906000338-240-135.jpg", "description": "学python入门视频教程，让你快速入门并能编写简单的Python程序", "student": "579682", "title": "初识Python"},
{"url": "http://www.imooc.com/learn/139", "img_url": "http//img.mukewang.com/53a28e960001311b06000338-240-135.jpg", "description": "慕课网推出的PS入门教程，PS入门学习必备课程，带你轻松入门", "student": "550382", "title": "PS入门教程——新手过招"},
{"url": "http://www.imooc.com/learn/1090", "img_url": "http//img2.mukewang.com/5c18cf540001ac8206000338-240-135.jpg", "description": "带你入门Flutter，并完成属于自己的第一个Flutter小案例。", "student": "1406", "title": "Flutter入门与案例实战"},
{"url": "http://www.imooc.com/learn/1086", "img_url": "http//img2.mukewang.com/5c19b3060001e4fd06000338-240-135.jpg", "description": "从0开始彻底学会高并发场景下不得不会的synchronized", "student": "1739", "title": "Java高并发之魂：synchronized深度解析"},
{"url": "http://www.imooc.com/learn/1089", "img_url": "http//img.mukewang.com/5c176d7800018a3106000338-240-135.jpg", "description": "解剖 Redis5.0 的12项新特性。", "student": "770", "title": "Redis5.0之12项新特性"},
{"url": "http://www.imooc.com/learn/1088", "img_url": "http//img.mukewang.com/5c17445b0001fd8d05400300-240-135.jpg", "description": "从0到1结合案例，分析角色动画实现原理，并制作完整的角色动画案例", "student": "1208", "title": "角色动画"},
{"url": "http://www.imooc.com/learn/1087", "img_url": "http//img2.mukewang.com/5c0f95640001d03c06000338-240-135.jpg", "description": "全面掌握Django ORM，以Django官方文档为依据，准确、权威。", "student": "817", "title": "全面掌握Django ORM"},
{"url": "http://www.imooc.com/learn/1085", "img_url": "http//img3.mukewang.com/5c0f28c00001e54606000338-240-135.jpg", "description": "学习PHP7基本变量，掌握PHP7的新特性", "student": "1449", "title": "PHP7的基本变量"},
{"url": "http://www.imooc.com/learn/1084", "img_url": "http//img.mukewang.com/5c0a36790001b17606000338-240-135.jpg", "description": "Taro 一套代码多端运行的框架，带你掌握Taro开发基本语法，以及项目开发", "student": "2515", "title": "Taro多端框架开发外卖首页"},
{"url": "http://www.imooc.com/learn/1079", "img_url": "http//img4.mukewang.com/5bfe54bd000131e306000338-240-135.jpg", "description": "应用SpringBoot快速搭建拥有用户、商品、交易及秒杀活动的电商秒杀应用。", "student": "5571", "title": "SpringBoot构建电商基础秒杀项目"},
{"url": "http://www.imooc.com/learn/1083", "img_url": "http//img2.mukewang.com/5c05ef640001f63b06000338-240-135.jpg", "description": "您将了解到如何通过在AWS上构建无服务器应用程序及无服务器架构的特征。", "student": "718", "title": "2018 AWS技术峰会  无服务器架构分论坛"},
{"url": "http://www.imooc.com/learn/1082", "img_url": "http//img1.mukewang.com/5c049c480001e24e06000338-240-135.jpg", "description": "结合基础知识,从建模到材质渲染,带你完整的完成一个建模作品", "student": "879", "title": "C4D建模实例"},
{"url": "http://www.imooc.com/learn/1073", "img_url": "http//img3.mukewang.com/5bfdf4930001d44006000338-240-135.jpg", "description": "结合案例带你探索MG动画的神奇世界", "student": "1537", "title": "探索MG动画的神奇世界"},
{"url": "http://www.imooc.com/learn/1078", "img_url": "http//img1.mukewang.com/5bfcacf30001819206000338-240-135.jpg", "description": "学会Kingshard数据库中间件理论以及Kingshard数据库的安装和使用。", "student": "774", "title": "Kingshard数据库中间件理论与实践"},
{"url": "http://www.imooc.com/learn/1077", "img_url": "http//img4.mukewang.com/5c04d29100018b2507400455-240-135.jpg", "description": "Tornado 入门以及如何用 Tornado 构建RESTful应用。", "student": "2823", "title": "Python 高性能 Web 框架 Tornado入门"},
{"url": "http://www.imooc.com/learn/1065", "img_url": "http//img4.mukewang.com/5bf4c6940001df6c05400300-240-135.jpg", "description": "教程主要是关于maya绑定基础的约束篇讲解", "student": "393", "title": "MAYA-绑定基础"},
{"url": "http://www.imooc.com/learn/1072", "img_url": "http//img2.mukewang.com/5bf2a2530001736a06000338-240-135.jpg", "description": "带你轻松读懂图标学会MBE风格图标设计", "student": "2589", "title": "MBE风格图标设计"},
{"url": "http://www.imooc.com/learn/1075", "img_url": "http//img2.mukewang.com/5becd2990001215b06000338-240-135.jpg", "description": "运用高阶组件编写高质量React应用", "student": "2983", "title": "React高级教程之高阶组件"},
{"url": "http://www.imooc.com/learn/1074", "img_url": "http//img2.mukewang.com/5bebce6b0001bd6106000336-240-135.jpg", "description": "结合慕信轻聊Netty实战，整合个推到前端与后端，实现安卓与ios移动端推送", "student": "2128", "title": "MUI+个推实现安卓与ios移动端推送"},
{"url": "http://www.imooc.com/learn/1071", "img_url": "http//img.mukewang.com/5be8f5a40001482306000338-240-135.jpg", "description": "什么是 DevOps，DevOps 如何诞生。", "student": "1146", "title": "2018 AWS技术峰会  自动化运维、微服务及容器技术分论坛"},
{"url": "http://www.imooc.com/learn/1070", "img_url": "http//img2.mukewang.com/5be01b1f000121dd05400300-240-135.jpg", "description": "完成LNMP环境的搭建，为你部署常见的测试管理工具所需环境奠定基石。", "student": "2338", "title": "基于LNMP的测试工具环境部署"},
{"url": "http://www.imooc.com/learn/1044", "img_url": "http//img1.mukewang.com/5b8cf6cf00011ca906000338-240-135.jpg", "description": "快速入门Sqoop从安装到定时增量同步的基本操作", "student": "1924", "title": "Sqoop入门实践"},
{"url": "http://www.imooc.com/learn/1063", "img_url": "http//img3.mukewang.com/5bd8157a0001a7a506000336-240-135.jpg", "description": "深度学习之神经网络入门与Tensorflow基础实操", "student": "4677", "title": "深度学习之神经网络入门最佳路径"},
{"url": "http://www.imooc.com/learn/1069", "img_url": "http//img2.mukewang.com/5bd8219400016e5e06000336-240-135.jpg", "description": "一步步教你轻松学习自然语言处理基础与实践。", "student": "3394", "title": "自然语言处理（NLP）入门与实践"},
{"url": "http://www.imooc.com/learn/1068", "img_url": "http//img.mukewang.com/5bd7f8f70001dfd806000336-240-135.jpg", "description": "结合案例带你详细透析社区产品交互设计", "student": "5162", "title": "社交类app设计入门"},
{"url": "http://www.imooc.com/learn/1067", "img_url": "http//img2.mukewang.com/5bd2aff70001de4906000338-240-135.jpg", "description": "理解redis的设计目标、应用场景，redis的工作模式。", "student": "4028", "title": "redis计数器与数量控制"},
